source_name	profile	parameters	operands	result	target	source_clause	status	public_export	test_reference
Convert	core	fx,fr,rho	x	code	P3109Reference.SpecAPI.Convert	4.9.1	implemented; verified in finite recorded scope	public in SpecAPI; accessed by qualification	smoke:convert-two
BlockConvert	core	B,fs1,f1,fs,fr,rho	s1,cs1,s	block	P3109Reference.SpecAPI.BlockConvert	5.7	implemented; verified in finite recorded scope	public in SpecAPI; accessed by qualification	blocks:unit-block-Convert-NearestTiesToEven
ScaledConvert	core	fs1,f1,fr,rho	s1,c1	code	P3109Reference.SpecAPI.ScaledConvert	5.8	implemented; verified in finite recorded scope	public in SpecAPI; accessed by qualification	blocks:unit-scaled-Convert-NearestTiesToEven
Abs	core	fx,fr,rho	x	code	P3109Reference.SpecAPI.Abs	4.10.1	implemented; verified in finite recorded scope	public in SpecAPI; accessed by qualification	scalar:scalar-Abs-0
BlockAbs	core	B,fs1,f1,fs,fr,rho	s1,cs1,s	block	P3109Reference.SpecAPI.BlockAbs	5.7	implemented; verified in finite recorded scope	public in SpecAPI; accessed by qualification	blocks:unit-block-Abs-NearestTiesToEven
ScaledAbs	core	fs1,f1,fr,rho	s1,c1	code	P3109Reference.SpecAPI.ScaledAbs	5.8	implemented; verified in finite recorded scope	public in SpecAPI; accessed by qualification	blocks:unit-scaled-Abs-NearestTiesToEven
Negate	core	fx,fr,rho	x	code	P3109Reference.SpecAPI.Negate	4.10.1	implemented; verified in finite recorded scope	public in SpecAPI; accessed by qualification	scalar:scalar-Negate-0
BlockNegate	core	B,fs1,f1,fs,fr,rho	s1,cs1,s	block	P3109Reference.SpecAPI.BlockNegate	5.7	implemented; verified in finite recorded scope	public in SpecAPI; accessed by qualification	blocks:unit-block-Negate-NearestTiesToEven
ScaledNegate	core	fs1,f1,fr,rho	s1,c1	code	P3109Reference.SpecAPI.ScaledNegate	5.8	implemented; verified in finite recorded scope	public in SpecAPI; accessed by qualification	blocks:unit-scaled-Negate-NearestTiesToEven
CopySign	core	fx,fy,fr,rho	x,y	code	P3109Reference.SpecAPI.CopySign	4.10.2	implemented; verified in finite recorded scope	public in SpecAPI; accessed by qualification	scalar:scalar-CopySign-0, 0
BlockCopySign	core	B,fs1,f1,fs2,f2,fs,fr,rho	s1,cs1,s2,cs2,s	block	P3109Reference.SpecAPI.BlockCopySign	5.7	implemented; verified in finite recorded scope	public in SpecAPI; accessed by qualification	blocks:unit-block-CopySign-NearestTiesToEven
ScaledCopySign	core	fs1,f1,fs2,f2,fr,rho	s1,c1,s2,c2	code	P3109Reference.SpecAPI.ScaledCopySign	5.8	implemented; verified in finite recorded scope	public in SpecAPI; accessed by qualification	blocks:unit-scaled-CopySign-NearestTiesToEven
Add	core	fx,fy,fr,rho	x,y	code	P3109Reference.SpecAPI.Add	4.10.3	implemented; verified in finite recorded scope	public in SpecAPI; accessed by qualification	scalar:scalar-Add-0, 0
BlockAdd	core	B,fs1,f1,fs2,f2,fs,fr,rho	s1,cs1,s2,cs2,s	block	P3109Reference.SpecAPI.BlockAdd	5.7	implemented; verified in finite recorded scope	public in SpecAPI; accessed by qualification	blocks:unit-block-Add-NearestTiesToEven
ScaledAdd	core	fs1,f1,fs2,f2,fr,rho	s1,c1,s2,c2	code	P3109Reference.SpecAPI.ScaledAdd	5.8	implemented; verified in finite recorded scope	public in SpecAPI; accessed by qualification	blocks:unit-scaled-Add-NearestTiesToEven
Subtract	core	fx,fy,fr,rho	x,y	code	P3109Reference.SpecAPI.Subtract	4.10.3	implemented; verified in finite recorded scope	public in SpecAPI; accessed by qualification	scalar:scalar-Subtract-0, 0
BlockSubtract	core	B,fs1,f1,fs2,f2,fs,fr,rho	s1,cs1,s2,cs2,s	block	P3109Reference.SpecAPI.BlockSubtract	5.7	implemented; verified in finite recorded scope	public in SpecAPI; accessed by qualification	blocks:unit-block-Subtract-NearestTiesToEven
ScaledSubtract	core	fs1,f1,fs2,f2,fr,rho	s1,c1,s2,c2	code	P3109Reference.SpecAPI.ScaledSubtract	5.8	implemented; verified in finite recorded scope	public in SpecAPI; accessed by qualification	blocks:unit-scaled-Subtract-NearestTiesToEven
Multiply	core	fx,fy,fr,rho	x,y	code	P3109Reference.SpecAPI.Multiply	4.10.4	implemented; verified in finite recorded scope	public in SpecAPI; accessed by qualification	scalar:scalar-Multiply-0, 0
BlockMultiply	core	B,fs1,f1,fs2,f2,fs,fr,rho	s1,cs1,s2,cs2,s	block	P3109Reference.SpecAPI.BlockMultiply	5.7	implemented; verified in finite recorded scope	public in SpecAPI; accessed by qualification	blocks:unit-block-Multiply-NearestTiesToEven
ScaledMultiply	core	fs1,f1,fs2,f2,fr,rho	s1,c1,s2,c2	code	P3109Reference.SpecAPI.ScaledMultiply	5.8	implemented; verified in finite recorded scope	public in SpecAPI; accessed by qualification	blocks:unit-scaled-Multiply-NearestTiesToEven
Divide	core	fx,fy,fr,rho	x,y	code	P3109Reference.SpecAPI.Divide	4.10.5	implemented; verified in finite recorded scope	public in SpecAPI; accessed by qualification	scalar:scalar-Divide-0, 0
BlockDivide	core	B,fs1,f1,fs2,f2,fs,fr,rho	s1,cs1,s2,cs2,s	block	P3109Reference.SpecAPI.BlockDivide	5.7	implemented; verified in finite recorded scope	public in SpecAPI; accessed by qualification	blocks:unit-block-Divide-NearestTiesToEven
ScaledDivide	core	fs1,f1,fs2,f2,fr,rho	s1,c1,s2,c2	code	P3109Reference.SpecAPI.ScaledDivide	5.8	implemented; verified in finite recorded scope	public in SpecAPI; accessed by qualification	blocks:unit-scaled-Divide-NearestTiesToEven
FMA	core	fx,fy,fz,fr,rho	x,y,z	code	P3109Reference.SpecAPI.FMA	4.10.6	implemented; verified in finite recorded scope	public in SpecAPI; accessed by qualification	scalar:scalar-FMA-0, 0, 0
BlockFMA	core	B,fs1,f1,fs2,f2,fs3,f3,fs,fr,rho	s1,cs1,s2,cs2,s3,cs3,s	block	P3109Reference.SpecAPI.BlockFMA	5.7	implemented; verified in finite recorded scope	public in SpecAPI; accessed by qualification	blocks:unit-block-FMA-NearestTiesToEven
ScaledFMA	core	fs1,f1,fs2,f2,fs3,f3,fr,rho	s1,c1,s2,c2,s3,c3	code	P3109Reference.SpecAPI.ScaledFMA	5.8	implemented; verified in finite recorded scope	public in SpecAPI; accessed by qualification	blocks:unit-scaled-FMA-NearestTiesToEven
FAA	core	fx,fy,fz,fr,rho	x,y,z	code	P3109Reference.SpecAPI.FAA	4.10.7	implemented; verified in finite recorded scope	public in SpecAPI; accessed by qualification	scalar:scalar-FAA-0, 0, 0
BlockFAA	core	B,fs1,f1,fs2,f2,fs3,f3,fs,fr,rho	s1,cs1,s2,cs2,s3,cs3,s	block	P3109Reference.SpecAPI.BlockFAA	5.7	implemented; verified in finite recorded scope	public in SpecAPI; accessed by qualification	blocks:unit-block-FAA-NearestTiesToEven
ScaledFAA	core	fs1,f1,fs2,f2,fs3,f3,fr,rho	s1,c1,s2,c2,s3,c3	code	P3109Reference.SpecAPI.ScaledFAA	5.8	implemented; verified in finite recorded scope	public in SpecAPI; accessed by qualification	blocks:unit-scaled-FAA-NearestTiesToEven
Sqrt	symbolic	fx,fr,rho	x	code	P3109Reference.SpecAPI.Sqrt	4.10.8	implemented; verified in finite recorded scope	public in SpecAPI; accessed by qualification	symbolic:unit-scaled-Sqrt-NearestTiesToEven
BlockSqrt	symbolic	B,fs1,f1,fs,fr,rho	s1,cs1,s	block	P3109Reference.SpecAPI.BlockSqrt	5.7	implemented; verified in finite recorded scope	public in SpecAPI; accessed by qualification	symbolic:unit-block-Sqrt-NearestTiesToEven
ScaledSqrt	symbolic	fs1,f1,fr,rho	s1,c1	code	P3109Reference.SpecAPI.ScaledSqrt	5.8	implemented; verified in finite recorded scope	public in SpecAPI; accessed by qualification	symbolic:unit-scaled-Sqrt-NearestTiesToEven
Recip	core	fx,fr,rho	x	code	P3109Reference.SpecAPI.Recip	4.10.8	implemented; verified in finite recorded scope	public in SpecAPI; accessed by qualification	scalar:scalar-Recip-0
BlockRecip	core	B,fs1,f1,fs,fr,rho	s1,cs1,s	block	P3109Reference.SpecAPI.BlockRecip	5.7	implemented; verified in finite recorded scope	public in SpecAPI; accessed by qualification	blocks:unit-block-Recip-NearestTiesToEven
ScaledRecip	core	fs1,f1,fr,rho	s1,c1	code	P3109Reference.SpecAPI.ScaledRecip	5.8	implemented; verified in finite recorded scope	public in SpecAPI; accessed by qualification	blocks:unit-scaled-Recip-NearestTiesToEven
RSqrt	symbolic	fx,fr,rho	x	code	P3109Reference.SpecAPI.RSqrt	4.10.8	implemented; verified in finite recorded scope	public in SpecAPI; accessed by qualification	symbolic:unit-scaled-RSqrt-NearestTiesToEven
BlockRSqrt	symbolic	B,fs1,f1,fs,fr,rho	s1,cs1,s	block	P3109Reference.SpecAPI.BlockRSqrt	5.7	implemented; verified in finite recorded scope	public in SpecAPI; accessed by qualification	symbolic:unit-block-RSqrt-NearestTiesToEven
ScaledRSqrt	symbolic	fs1,f1,fr,rho	s1,c1	code	P3109Reference.SpecAPI.ScaledRSqrt	5.8	implemented; verified in finite recorded scope	public in SpecAPI; accessed by qualification	symbolic:unit-scaled-RSqrt-NearestTiesToEven
Exp	symbolic	fx,fr,rho	x	code	P3109Reference.SpecAPI.Exp	4.10.9	implemented; verified in finite recorded scope	public in SpecAPI; accessed by qualification	symbolic:unit-scaled-Exp-NearestTiesToEven
BlockExp	symbolic	B,fs1,f1,fs,fr,rho	s1,cs1,s	block	P3109Reference.SpecAPI.BlockExp	5.7	implemented; verified in finite recorded scope	public in SpecAPI; accessed by qualification	symbolic:unit-block-Exp-NearestTiesToEven
ScaledExp	symbolic	fs1,f1,fr,rho	s1,c1	code	P3109Reference.SpecAPI.ScaledExp	5.8	implemented; verified in finite recorded scope	public in SpecAPI; accessed by qualification	symbolic:unit-scaled-Exp-NearestTiesToEven
Exp2	symbolic	fx,fr,rho	x	code	P3109Reference.SpecAPI.Exp2	4.10.9	implemented; verified in finite recorded scope	public in SpecAPI; accessed by qualification	symbolic:unit-scaled-Exp2-NearestTiesToEven
BlockExp2	symbolic	B,fs1,f1,fs,fr,rho	s1,cs1,s	block	P3109Reference.SpecAPI.BlockExp2	5.7	implemented; verified in finite recorded scope	public in SpecAPI; accessed by qualification	symbolic:unit-block-Exp2-NearestTiesToEven
ScaledExp2	symbolic	fs1,f1,fr,rho	s1,c1	code	P3109Reference.SpecAPI.ScaledExp2	5.8	implemented; verified in finite recorded scope	public in SpecAPI; accessed by qualification	symbolic:unit-scaled-Exp2-NearestTiesToEven
Log	symbolic	fx,fr,rho	x	code	P3109Reference.SpecAPI.Log	4.10.9	implemented; verified in finite recorded scope	public in SpecAPI; accessed by qualification	symbolic:unit-scaled-Log-NearestTiesToEven
BlockLog	symbolic	B,fs1,f1,fs,fr,rho	s1,cs1,s	block	P3109Reference.SpecAPI.BlockLog	5.7	implemented; verified in finite recorded scope	public in SpecAPI; accessed by qualification	symbolic:unit-block-Log-NearestTiesToEven
ScaledLog	symbolic	fs1,f1,fr,rho	s1,c1	code	P3109Reference.SpecAPI.ScaledLog	5.8	implemented; verified in finite recorded scope	public in SpecAPI; accessed by qualification	symbolic:unit-scaled-Log-NearestTiesToEven
Log2	symbolic	fx,fr,rho	x	code	P3109Reference.SpecAPI.Log2	4.10.9	implemented; verified in finite recorded scope	public in SpecAPI; accessed by qualification	symbolic:unit-scaled-Log2-NearestTiesToEven
BlockLog2	symbolic	B,fs1,f1,fs,fr,rho	s1,cs1,s	block	P3109Reference.SpecAPI.BlockLog2	5.7	implemented; verified in finite recorded scope	public in SpecAPI; accessed by qualification	symbolic:unit-block-Log2-NearestTiesToEven
ScaledLog2	symbolic	fs1,f1,fr,rho	s1,c1	code	P3109Reference.SpecAPI.ScaledLog2	5.8	implemented; verified in finite recorded scope	public in SpecAPI; accessed by qualification	symbolic:unit-scaled-Log2-NearestTiesToEven
LogOnePlus	symbolic	fx,fr,rho	x	code	P3109Reference.SpecAPI.LogOnePlus	4.10.9	implemented; verified in finite recorded scope	public in SpecAPI; accessed by qualification	symbolic:unit-scaled-LogOnePlus-NearestTiesToEven
BlockLogOnePlus	symbolic	B,fs1,f1,fs,fr,rho	s1,cs1,s	block	P3109Reference.SpecAPI.BlockLogOnePlus	5.7	implemented; verified in finite recorded scope	public in SpecAPI; accessed by qualification	symbolic:unit-block-LogOnePlus-NearestTiesToEven
ScaledLogOnePlus	symbolic	fs1,f1,fr,rho	s1,c1	code	P3109Reference.SpecAPI.ScaledLogOnePlus	5.8	implemented; verified in finite recorded scope	public in SpecAPI; accessed by qualification	symbolic:unit-scaled-LogOnePlus-NearestTiesToEven
ExpMinusOne	symbolic	fx,fr,rho	x	code	P3109Reference.SpecAPI.ExpMinusOne	4.10.9	implemented; verified in finite recorded scope	public in SpecAPI; accessed by qualification	symbolic:unit-scaled-ExpMinusOne-NearestTiesToEven
BlockExpMinusOne	symbolic	B,fs1,f1,fs,fr,rho	s1,cs1,s	block	P3109Reference.SpecAPI.BlockExpMinusOne	5.7	implemented; verified in finite recorded scope	public in SpecAPI; accessed by qualification	symbolic:unit-block-ExpMinusOne-NearestTiesToEven
ScaledExpMinusOne	symbolic	fs1,f1,fr,rho	s1,c1	code	P3109Reference.SpecAPI.ScaledExpMinusOne	5.8	implemented; verified in finite recorded scope	public in SpecAPI; accessed by qualification	symbolic:unit-scaled-ExpMinusOne-NearestTiesToEven
Sin	symbolic	fx,fr,rho	x	code	P3109Reference.SpecAPI.Sin	4.10.10	implemented; verified in finite recorded scope	public in SpecAPI; accessed by qualification	symbolic:unit-scaled-Sin-NearestTiesToEven
BlockSin	symbolic	B,fs1,f1,fs,fr,rho	s1,cs1,s	block	P3109Reference.SpecAPI.BlockSin	5.7	implemented; verified in finite recorded scope	public in SpecAPI; accessed by qualification	symbolic:unit-block-Sin-NearestTiesToEven
ScaledSin	symbolic	fs1,f1,fr,rho	s1,c1	code	P3109Reference.SpecAPI.ScaledSin	5.8	implemented; verified in finite recorded scope	public in SpecAPI; accessed by qualification	symbolic:unit-scaled-Sin-NearestTiesToEven
Cos	symbolic	fx,fr,rho	x	code	P3109Reference.SpecAPI.Cos	4.10.10	implemented; verified in finite recorded scope	public in SpecAPI; accessed by qualification	symbolic:unit-scaled-Cos-NearestTiesToEven
BlockCos	symbolic	B,fs1,f1,fs,fr,rho	s1,cs1,s	block	P3109Reference.SpecAPI.BlockCos	5.7	implemented; verified in finite recorded scope	public in SpecAPI; accessed by qualification	symbolic:unit-block-Cos-NearestTiesToEven
ScaledCos	symbolic	fs1,f1,fr,rho	s1,c1	code	P3109Reference.SpecAPI.ScaledCos	5.8	implemented; verified in finite recorded scope	public in SpecAPI; accessed by qualification	symbolic:unit-scaled-Cos-NearestTiesToEven
Tan	symbolic	fx,fr,rho	x	code	P3109Reference.SpecAPI.Tan	4.10.10	implemented; verified in finite recorded scope	public in SpecAPI; accessed by qualification	symbolic:unit-scaled-Tan-NearestTiesToEven
BlockTan	symbolic	B,fs1,f1,fs,fr,rho	s1,cs1,s	block	P3109Reference.SpecAPI.BlockTan	5.7	implemented; verified in finite recorded scope	public in SpecAPI; accessed by qualification	symbolic:unit-block-Tan-NearestTiesToEven
ScaledTan	symbolic	fs1,f1,fr,rho	s1,c1	code	P3109Reference.SpecAPI.ScaledTan	5.8	implemented; verified in finite recorded scope	public in SpecAPI; accessed by qualification	symbolic:unit-scaled-Tan-NearestTiesToEven
ArcSin	symbolic	fx,fr,rho	x	code	P3109Reference.SpecAPI.ArcSin	4.10.10	implemented; verified in finite recorded scope	public in SpecAPI; accessed by qualification	symbolic:unit-scaled-ArcSin-NearestTiesToEven
BlockArcSin	symbolic	B,fs1,f1,fs,fr,rho	s1,cs1,s	block	P3109Reference.SpecAPI.BlockArcSin	5.7	implemented; verified in finite recorded scope	public in SpecAPI; accessed by qualification	symbolic:unit-block-ArcSin-NearestTiesToEven
ScaledArcSin	symbolic	fs1,f1,fr,rho	s1,c1	code	P3109Reference.SpecAPI.ScaledArcSin	5.8	implemented; verified in finite recorded scope	public in SpecAPI; accessed by qualification	symbolic:unit-scaled-ArcSin-NearestTiesToEven
ArcCos	symbolic	fx,fr,rho	x	code	P3109Reference.SpecAPI.ArcCos	4.10.10	implemented; verified in finite recorded scope	public in SpecAPI; accessed by qualification	symbolic:unit-scaled-ArcCos-NearestTiesToEven
BlockArcCos	symbolic	B,fs1,f1,fs,fr,rho	s1,cs1,s	block	P3109Reference.SpecAPI.BlockArcCos	5.7	implemented; verified in finite recorded scope	public in SpecAPI; accessed by qualification	symbolic:unit-block-ArcCos-NearestTiesToEven
ScaledArcCos	symbolic	fs1,f1,fr,rho	s1,c1	code	P3109Reference.SpecAPI.ScaledArcCos	5.8	implemented; verified in finite recorded scope	public in SpecAPI; accessed by qualification	symbolic:unit-scaled-ArcCos-NearestTiesToEven
ArcTan	symbolic	fx,fr,rho	x	code	P3109Reference.SpecAPI.ArcTan	4.10.10	implemented; verified in finite recorded scope	public in SpecAPI; accessed by qualification	symbolic:unit-scaled-ArcTan-NearestTiesToEven
BlockArcTan	symbolic	B,fs1,f1,fs,fr,rho	s1,cs1,s	block	P3109Reference.SpecAPI.BlockArcTan	5.7	implemented; verified in finite recorded scope	public in SpecAPI; accessed by qualification	symbolic:unit-block-ArcTan-NearestTiesToEven
ScaledArcTan	symbolic	fs1,f1,fr,rho	s1,c1	code	P3109Reference.SpecAPI.ScaledArcTan	5.8	implemented; verified in finite recorded scope	public in SpecAPI; accessed by qualification	symbolic:unit-scaled-ArcTan-NearestTiesToEven
Sinh	symbolic	fx,fr,rho	x	code	P3109Reference.SpecAPI.Sinh	4.10.11	implemented; verified in finite recorded scope	public in SpecAPI; accessed by qualification	symbolic:unit-scaled-Sinh-NearestTiesToEven
BlockSinh	symbolic	B,fs1,f1,fs,fr,rho	s1,cs1,s	block	P3109Reference.SpecAPI.BlockSinh	5.7	implemented; verified in finite recorded scope	public in SpecAPI; accessed by qualification	symbolic:unit-block-Sinh-NearestTiesToEven
ScaledSinh	symbolic	fs1,f1,fr,rho	s1,c1	code	P3109Reference.SpecAPI.ScaledSinh	5.8	implemented; verified in finite recorded scope	public in SpecAPI; accessed by qualification	symbolic:unit-scaled-Sinh-NearestTiesToEven
Cosh	symbolic	fx,fr,rho	x	code	P3109Reference.SpecAPI.Cosh	4.10.11	implemented; verified in finite recorded scope	public in SpecAPI; accessed by qualification	symbolic:unit-scaled-Cosh-NearestTiesToEven
BlockCosh	symbolic	B,fs1,f1,fs,fr,rho	s1,cs1,s	block	P3109Reference.SpecAPI.BlockCosh	5.7	implemented; verified in finite recorded scope	public in SpecAPI; accessed by qualification	symbolic:unit-block-Cosh-NearestTiesToEven
ScaledCosh	symbolic	fs1,f1,fr,rho	s1,c1	code	P3109Reference.SpecAPI.ScaledCosh	5.8	implemented; verified in finite recorded scope	public in SpecAPI; accessed by qualification	symbolic:unit-scaled-Cosh-NearestTiesToEven
Tanh	symbolic	fx,fr,rho	x	code	P3109Reference.SpecAPI.Tanh	4.10.11	implemented; verified in finite recorded scope	public in SpecAPI; accessed by qualification	symbolic:unit-scaled-Tanh-NearestTiesToEven
BlockTanh	symbolic	B,fs1,f1,fs,fr,rho	s1,cs1,s	block	P3109Reference.SpecAPI.BlockTanh	5.7	implemented; verified in finite recorded scope	public in SpecAPI; accessed by qualification	symbolic:unit-block-Tanh-NearestTiesToEven
ScaledTanh	symbolic	fs1,f1,fr,rho	s1,c1	code	P3109Reference.SpecAPI.ScaledTanh	5.8	implemented; verified in finite recorded scope	public in SpecAPI; accessed by qualification	symbolic:unit-scaled-Tanh-NearestTiesToEven
ArcSinh	symbolic	fx,fr,rho	x	code	P3109Reference.SpecAPI.ArcSinh	4.10.11	implemented; verified in finite recorded scope	public in SpecAPI; accessed by qualification	symbolic:unit-scaled-ArcSinh-NearestTiesToEven
BlockArcSinh	symbolic	B,fs1,f1,fs,fr,rho	s1,cs1,s	block	P3109Reference.SpecAPI.BlockArcSinh	5.7	implemented; verified in finite recorded scope	public in SpecAPI; accessed by qualification	symbolic:unit-block-ArcSinh-NearestTiesToEven
ScaledArcSinh	symbolic	fs1,f1,fr,rho	s1,c1	code	P3109Reference.SpecAPI.ScaledArcSinh	5.8	implemented; verified in finite recorded scope	public in SpecAPI; accessed by qualification	symbolic:unit-scaled-ArcSinh-NearestTiesToEven
ArcCosh	symbolic	fx,fr,rho	x	code	P3109Reference.SpecAPI.ArcCosh	4.10.11	implemented; verified in finite recorded scope	public in SpecAPI; accessed by qualification	symbolic:unit-scaled-ArcCosh-NearestTiesToEven
BlockArcCosh	symbolic	B,fs1,f1,fs,fr,rho	s1,cs1,s	block	P3109Reference.SpecAPI.BlockArcCosh	5.7	implemented; verified in finite recorded scope	public in SpecAPI; accessed by qualification	symbolic:unit-block-ArcCosh-NearestTiesToEven
ScaledArcCosh	symbolic	fs1,f1,fr,rho	s1,c1	code	P3109Reference.SpecAPI.ScaledArcCosh	5.8	implemented; verified in finite recorded scope	public in SpecAPI; accessed by qualification	symbolic:unit-scaled-ArcCosh-NearestTiesToEven
ArcTanh	symbolic	fx,fr,rho	x	code	P3109Reference.SpecAPI.ArcTanh	4.10.11	implemented; verified in finite recorded scope	public in SpecAPI; accessed by qualification	symbolic:unit-scaled-ArcTanh-NearestTiesToEven
BlockArcTanh	symbolic	B,fs1,f1,fs,fr,rho	s1,cs1,s	block	P3109Reference.SpecAPI.BlockArcTanh	5.7	implemented; verified in finite recorded scope	public in SpecAPI; accessed by qualification	symbolic:unit-block-ArcTanh-NearestTiesToEven
ScaledArcTanh	symbolic	fs1,f1,fr,rho	s1,c1	code	P3109Reference.SpecAPI.ScaledArcTanh	5.8	implemented; verified in finite recorded scope	public in SpecAPI; accessed by qualification	symbolic:unit-scaled-ArcTanh-NearestTiesToEven
SinPi	symbolic	fx,fr,rho	x	code	P3109Reference.SpecAPI.SinPi	4.10.12	implemented; verified in finite recorded scope	public in SpecAPI; accessed by qualification	symbolic:unit-scaled-SinPi-NearestTiesToEven
BlockSinPi	symbolic	B,fs1,f1,fs,fr,rho	s1,cs1,s	block	P3109Reference.SpecAPI.BlockSinPi	5.7	implemented; verified in finite recorded scope	public in SpecAPI; accessed by qualification	symbolic:unit-block-SinPi-NearestTiesToEven
ScaledSinPi	symbolic	fs1,f1,fr,rho	s1,c1	code	P3109Reference.SpecAPI.ScaledSinPi	5.8	implemented; verified in finite recorded scope	public in SpecAPI; accessed by qualification	symbolic:unit-scaled-SinPi-NearestTiesToEven
CosPi	symbolic	fx,fr,rho	x	code	P3109Reference.SpecAPI.CosPi	4.10.12	implemented; verified in finite recorded scope	public in SpecAPI; accessed by qualification	symbolic:unit-scaled-CosPi-NearestTiesToEven
BlockCosPi	symbolic	B,fs1,f1,fs,fr,rho	s1,cs1,s	block	P3109Reference.SpecAPI.BlockCosPi	5.7	implemented; verified in finite recorded scope	public in SpecAPI; accessed by qualification	symbolic:unit-block-CosPi-NearestTiesToEven
ScaledCosPi	symbolic	fs1,f1,fr,rho	s1,c1	code	P3109Reference.SpecAPI.ScaledCosPi	5.8	implemented; verified in finite recorded scope	public in SpecAPI; accessed by qualification	symbolic:unit-scaled-CosPi-NearestTiesToEven
TanPi	symbolic	fx,fr,rho	x	code	P3109Reference.SpecAPI.TanPi	4.10.12	implemented; verified in finite recorded scope	public in SpecAPI; accessed by qualification	symbolic:unit-scaled-TanPi-NearestTiesToEven
BlockTanPi	symbolic	B,fs1,f1,fs,fr,rho	s1,cs1,s	block	P3109Reference.SpecAPI.BlockTanPi	5.7	implemented; verified in finite recorded scope	public in SpecAPI; accessed by qualification	symbolic:unit-block-TanPi-NearestTiesToEven
ScaledTanPi	symbolic	fs1,f1,fr,rho	s1,c1	code	P3109Reference.SpecAPI.ScaledTanPi	5.8	implemented; verified in finite recorded scope	public in SpecAPI; accessed by qualification	symbolic:unit-scaled-TanPi-NearestTiesToEven
ArcSinPi	symbolic	fx,fr,rho	x	code	P3109Reference.SpecAPI.ArcSinPi	4.10.12	implemented; verified in finite recorded scope	public in SpecAPI; accessed by qualification	symbolic:unit-scaled-ArcSinPi-NearestTiesToEven
BlockArcSinPi	symbolic	B,fs1,f1,fs,fr,rho	s1,cs1,s	block	P3109Reference.SpecAPI.BlockArcSinPi	5.7	implemented; verified in finite recorded scope	public in SpecAPI; accessed by qualification	symbolic:unit-block-ArcSinPi-NearestTiesToEven
ScaledArcSinPi	symbolic	fs1,f1,fr,rho	s1,c1	code	P3109Reference.SpecAPI.ScaledArcSinPi	5.8	implemented; verified in finite recorded scope	public in SpecAPI; accessed by qualification	symbolic:unit-scaled-ArcSinPi-NearestTiesToEven
ArcCosPi	symbolic	fx,fr,rho	x	code	P3109Reference.SpecAPI.ArcCosPi	4.10.12	implemented; verified in finite recorded scope	public in SpecAPI; accessed by qualification	symbolic:unit-scaled-ArcCosPi-NearestTiesToEven
BlockArcCosPi	symbolic	B,fs1,f1,fs,fr,rho	s1,cs1,s	block	P3109Reference.SpecAPI.BlockArcCosPi	5.7	implemented; verified in finite recorded scope	public in SpecAPI; accessed by qualification	symbolic:unit-block-ArcCosPi-NearestTiesToEven
ScaledArcCosPi	symbolic	fs1,f1,fr,rho	s1,c1	code	P3109Reference.SpecAPI.ScaledArcCosPi	5.8	implemented; verified in finite recorded scope	public in SpecAPI; accessed by qualification	symbolic:unit-scaled-ArcCosPi-NearestTiesToEven
ArcTanPi	symbolic	fx,fr,rho	x	code	P3109Reference.SpecAPI.ArcTanPi	4.10.12	implemented; verified in finite recorded scope	public in SpecAPI; accessed by qualification	symbolic:unit-scaled-ArcTanPi-NearestTiesToEven
BlockArcTanPi	symbolic	B,fs1,f1,fs,fr,rho	s1,cs1,s	block	P3109Reference.SpecAPI.BlockArcTanPi	5.7	implemented; verified in finite recorded scope	public in SpecAPI; accessed by qualification	symbolic:unit-block-ArcTanPi-NearestTiesToEven
ScaledArcTanPi	symbolic	fs1,f1,fr,rho	s1,c1	code	P3109Reference.SpecAPI.ScaledArcTanPi	5.8	implemented; verified in finite recorded scope	public in SpecAPI; accessed by qualification	symbolic:unit-scaled-ArcTanPi-NearestTiesToEven
Softplus	symbolic	fx,fr,rho	x	code	P3109Reference.SpecAPI.Softplus	4.10.13	implemented; verified in finite recorded scope	public in SpecAPI; accessed by qualification	symbolic:unit-scaled-Softplus-NearestTiesToEven
BlockSoftplus	symbolic	B,fs1,f1,fs,fr,rho	s1,cs1,s	block	P3109Reference.SpecAPI.BlockSoftplus	5.7	implemented; verified in finite recorded scope	public in SpecAPI; accessed by qualification	symbolic:unit-block-Softplus-NearestTiesToEven
ScaledSoftplus	symbolic	fs1,f1,fr,rho	s1,c1	code	P3109Reference.SpecAPI.ScaledSoftplus	5.8	implemented; verified in finite recorded scope	public in SpecAPI; accessed by qualification	symbolic:unit-scaled-Softplus-NearestTiesToEven
Hypot	symbolic	fx,fy,fr,rho	x,y	code	P3109Reference.SpecAPI.Hypot	4.10.14	implemented; verified in finite recorded scope	public in SpecAPI; accessed by qualification	symbolic:unit-scaled-Hypot-NearestTiesToEven
BlockHypot	symbolic	B,fs1,f1,fs2,f2,fs,fr,rho	s1,cs1,s2,cs2,s	block	P3109Reference.SpecAPI.BlockHypot	5.7	implemented; verified in finite recorded scope	public in SpecAPI; accessed by qualification	symbolic:unit-block-Hypot-NearestTiesToEven
ScaledHypot	symbolic	fs1,f1,fs2,f2,fr,rho	s1,c1,s2,c2	code	P3109Reference.SpecAPI.ScaledHypot	5.8	implemented; verified in finite recorded scope	public in SpecAPI; accessed by qualification	symbolic:unit-scaled-Hypot-NearestTiesToEven
ArcTan2	symbolic	fy,fx,fr,rho	y,x	code	P3109Reference.SpecAPI.ArcTan2	4.10.15	implemented; verified in finite recorded scope	public in SpecAPI; accessed by qualification	symbolic:unit-scaled-ArcTan2-NearestTiesToEven
BlockArcTan2	symbolic	B,fs1,f1,fs2,f2,fs,fr,rho	s1,cs1,s2,cs2,s	block	P3109Reference.SpecAPI.BlockArcTan2	5.7	implemented; verified in finite recorded scope	public in SpecAPI; accessed by qualification	symbolic:unit-block-ArcTan2-NearestTiesToEven
ScaledArcTan2	symbolic	fs1,f1,fs2,f2,fr,rho	s1,c1,s2,c2	code	P3109Reference.SpecAPI.ScaledArcTan2	5.8	implemented; verified in finite recorded scope	public in SpecAPI; accessed by qualification	symbolic:unit-scaled-ArcTan2-NearestTiesToEven
ArcTan2Pi	symbolic	fy,fx,fr,rho	y,x	code	P3109Reference.SpecAPI.ArcTan2Pi	4.10.16	implemented; verified in finite recorded scope	public in SpecAPI; accessed by qualification	symbolic:unit-scaled-ArcTan2Pi-NearestTiesToEven
BlockArcTan2Pi	symbolic	B,fs1,f1,fs2,f2,fs,fr,rho	s1,cs1,s2,cs2,s	block	P3109Reference.SpecAPI.BlockArcTan2Pi	5.7	implemented; verified in finite recorded scope	public in SpecAPI; accessed by qualification	symbolic:unit-block-ArcTan2Pi-NearestTiesToEven
ScaledArcTan2Pi	symbolic	fs1,f1,fs2,f2,fr,rho	s1,c1,s2,c2	code	P3109Reference.SpecAPI.ScaledArcTan2Pi	5.8	implemented; verified in finite recorded scope	public in SpecAPI; accessed by qualification	symbolic:unit-scaled-ArcTan2Pi-NearestTiesToEven
Minimum	core	fx,fy,fr,rho	x,y	code	P3109Reference.SpecAPI.Minimum	4.11.1	implemented; verified in finite recorded scope	public in SpecAPI; accessed by qualification	scalar:scalar-Minimum-0, 0
BlockMinimum	core	B,fs1,f1,fs2,f2,fs,fr,rho	s1,cs1,s2,cs2,s	block	P3109Reference.SpecAPI.BlockMinimum	5.7	implemented; verified in finite recorded scope	public in SpecAPI; accessed by qualification	blocks:unit-block-Minimum-NearestTiesToEven
ScaledMinimum	core	fs1,f1,fs2,f2,fr,rho	s1,c1,s2,c2	code	P3109Reference.SpecAPI.ScaledMinimum	5.8	implemented; verified in finite recorded scope	public in SpecAPI; accessed by qualification	blocks:unit-scaled-Minimum-NearestTiesToEven
Maximum	core	fx,fy,fr,rho	x,y	code	P3109Reference.SpecAPI.Maximum	4.11.1	implemented; verified in finite recorded scope	public in SpecAPI; accessed by qualification	scalar:scalar-Maximum-0, 0
BlockMaximum	core	B,fs1,f1,fs2,f2,fs,fr,rho	s1,cs1,s2,cs2,s	block	P3109Reference.SpecAPI.BlockMaximum	5.7	implemented; verified in finite recorded scope	public in SpecAPI; accessed by qualification	blocks:unit-block-Maximum-NearestTiesToEven
ScaledMaximum	core	fs1,f1,fs2,f2,fr,rho	s1,c1,s2,c2	code	P3109Reference.SpecAPI.ScaledMaximum	5.8	implemented; verified in finite recorded scope	public in SpecAPI; accessed by qualification	blocks:unit-scaled-Maximum-NearestTiesToEven
MinimumNumber	core	fx,fy,fr,rho	x,y	code	P3109Reference.SpecAPI.MinimumNumber	4.11.1	implemented; verified in finite recorded scope	public in SpecAPI; accessed by qualification	scalar:scalar-MinimumNumber-0, 0
BlockMinimumNumber	core	B,fs1,f1,fs2,f2,fs,fr,rho	s1,cs1,s2,cs2,s	block	P3109Reference.SpecAPI.BlockMinimumNumber	5.7	implemented; verified in finite recorded scope	public in SpecAPI; accessed by qualification	blocks:unit-block-MinimumNumber-NearestTiesToEven
ScaledMinimumNumber	core	fs1,f1,fs2,f2,fr,rho	s1,c1,s2,c2	code	P3109Reference.SpecAPI.ScaledMinimumNumber	5.8	implemented; verified in finite recorded scope	public in SpecAPI; accessed by qualification	blocks:unit-scaled-MinimumNumber-NearestTiesToEven
MaximumNumber	core	fx,fy,fr,rho	x,y	code	P3109Reference.SpecAPI.MaximumNumber	4.11.1	implemented; verified in finite recorded scope	public in SpecAPI; accessed by qualification	scalar:scalar-MaximumNumber-0, 0
BlockMaximumNumber	core	B,fs1,f1,fs2,f2,fs,fr,rho	s1,cs1,s2,cs2,s	block	P3109Reference.SpecAPI.BlockMaximumNumber	5.7	implemented; verified in finite recorded scope	public in SpecAPI; accessed by qualification	blocks:unit-block-MaximumNumber-NearestTiesToEven
ScaledMaximumNumber	core	fs1,f1,fs2,f2,fr,rho	s1,c1,s2,c2	code	P3109Reference.SpecAPI.ScaledMaximumNumber	5.8	implemented; verified in finite recorded scope	public in SpecAPI; accessed by qualification	blocks:unit-scaled-MaximumNumber-NearestTiesToEven
MinimumMagnitude	core	fx,fy,fr,rho	x,y	code	P3109Reference.SpecAPI.MinimumMagnitude	4.11.2	implemented; verified in finite recorded scope	public in SpecAPI; accessed by qualification	scalar:scalar-MinimumMagnitude-0, 0
BlockMinimumMagnitude	core	B,fs1,f1,fs2,f2,fs,fr,rho	s1,cs1,s2,cs2,s	block	P3109Reference.SpecAPI.BlockMinimumMagnitude	5.7	implemented; verified in finite recorded scope	public in SpecAPI; accessed by qualification	blocks:unit-block-MinimumMagnitude-NearestTiesToEven
ScaledMinimumMagnitude	core	fs1,f1,fs2,f2,fr,rho	s1,c1,s2,c2	code	P3109Reference.SpecAPI.ScaledMinimumMagnitude	5.8	implemented; verified in finite recorded scope	public in SpecAPI; accessed by qualification	blocks:unit-scaled-MinimumMagnitude-NearestTiesToEven
MaximumMagnitude	core	fx,fy,fr,rho	x,y	code	P3109Reference.SpecAPI.MaximumMagnitude	4.11.2	implemented; verified in finite recorded scope	public in SpecAPI; accessed by qualification	scalar:scalar-MaximumMagnitude-0, 0
BlockMaximumMagnitude	core	B,fs1,f1,fs2,f2,fs,fr,rho	s1,cs1,s2,cs2,s	block	P3109Reference.SpecAPI.BlockMaximumMagnitude	5.7	implemented; verified in finite recorded scope	public in SpecAPI; accessed by qualification	blocks:unit-block-MaximumMagnitude-NearestTiesToEven
ScaledMaximumMagnitude	core	fs1,f1,fs2,f2,fr,rho	s1,c1,s2,c2	code	P3109Reference.SpecAPI.ScaledMaximumMagnitude	5.8	implemented; verified in finite recorded scope	public in SpecAPI; accessed by qualification	blocks:unit-scaled-MaximumMagnitude-NearestTiesToEven
MinimumMagnitudeNumber	core	fx,fy,fr,rho	x,y	code	P3109Reference.SpecAPI.MinimumMagnitudeNumber	4.11.2	implemented; verified in finite recorded scope	public in SpecAPI; accessed by qualification	scalar:scalar-MinimumMagnitudeNumber-0, 0
BlockMinimumMagnitudeNumber	core	B,fs1,f1,fs2,f2,fs,fr,rho	s1,cs1,s2,cs2,s	block	P3109Reference.SpecAPI.BlockMinimumMagnitudeNumber	5.7	implemented; verified in finite recorded scope	public in SpecAPI; accessed by qualification	blocks:unit-block-MinimumMagnitudeNumber-NearestTiesToEven
ScaledMinimumMagnitudeNumber	core	fs1,f1,fs2,f2,fr,rho	s1,c1,s2,c2	code	P3109Reference.SpecAPI.ScaledMinimumMagnitudeNumber	5.8	implemented; verified in finite recorded scope	public in SpecAPI; accessed by qualification	blocks:unit-scaled-MinimumMagnitudeNumber-NearestTiesToEven
MaximumMagnitudeNumber	core	fx,fy,fr,rho	x,y	code	P3109Reference.SpecAPI.MaximumMagnitudeNumber	4.11.2	implemented; verified in finite recorded scope	public in SpecAPI; accessed by qualification	scalar:scalar-MaximumMagnitudeNumber-0, 0
BlockMaximumMagnitudeNumber	core	B,fs1,f1,fs2,f2,fs,fr,rho	s1,cs1,s2,cs2,s	block	P3109Reference.SpecAPI.BlockMaximumMagnitudeNumber	5.7	implemented; verified in finite recorded scope	public in SpecAPI; accessed by qualification	blocks:unit-block-MaximumMagnitudeNumber-NearestTiesToEven
ScaledMaximumMagnitudeNumber	core	fs1,f1,fs2,f2,fr,rho	s1,c1,s2,c2	code	P3109Reference.SpecAPI.ScaledMaximumMagnitudeNumber	5.8	implemented; verified in finite recorded scope	public in SpecAPI; accessed by qualification	blocks:unit-scaled-MaximumMagnitudeNumber-NearestTiesToEven
MinimumFinite	core	fx,fy,fr,rho	x,y	code	P3109Reference.SpecAPI.MinimumFinite	4.11.3	implemented; verified in finite recorded scope	public in SpecAPI; accessed by qualification	scalar:scalar-MinimumFinite-0, 0
BlockMinimumFinite	core	B,fs1,f1,fs2,f2,fs,fr,rho	s1,cs1,s2,cs2,s	block	P3109Reference.SpecAPI.BlockMinimumFinite	5.7	implemented; verified in finite recorded scope	public in SpecAPI; accessed by qualification	blocks:unit-block-MinimumFinite-NearestTiesToEven
ScaledMinimumFinite	core	fs1,f1,fs2,f2,fr,rho	s1,c1,s2,c2	code	P3109Reference.SpecAPI.ScaledMinimumFinite	5.8	implemented; verified in finite recorded scope	public in SpecAPI; accessed by qualification	blocks:unit-scaled-MinimumFinite-NearestTiesToEven
MaximumFinite	core	fx,fy,fr,rho	x,y	code	P3109Reference.SpecAPI.MaximumFinite	4.11.3	implemented; verified in finite recorded scope	public in SpecAPI; accessed by qualification	scalar:scalar-MaximumFinite-0, 0
BlockMaximumFinite	core	B,fs1,f1,fs2,f2,fs,fr,rho	s1,cs1,s2,cs2,s	block	P3109Reference.SpecAPI.BlockMaximumFinite	5.7	implemented; verified in finite recorded scope	public in SpecAPI; accessed by qualification	blocks:unit-block-MaximumFinite-NearestTiesToEven
ScaledMaximumFinite	core	fs1,f1,fs2,f2,fr,rho	s1,c1,s2,c2	code	P3109Reference.SpecAPI.ScaledMaximumFinite	5.8	implemented; verified in finite recorded scope	public in SpecAPI; accessed by qualification	blocks:unit-scaled-MaximumFinite-NearestTiesToEven
Clamp	core	fx,flo,fhi,fr,rho	x,lo,hi	code	P3109Reference.SpecAPI.Clamp	4.11.4	implemented; verified in finite recorded scope	public in SpecAPI; accessed by qualification	scalar:scalar-Clamp-0, 0, 0
BlockClamp	core	B,fs1,f1,fs2,f2,fs3,f3,fs,fr,rho	s1,cs1,s2,cs2,s3,cs3,s	block	P3109Reference.SpecAPI.BlockClamp	5.7	implemented; verified in finite recorded scope	public in SpecAPI; accessed by qualification	blocks:unit-block-Clamp-NearestTiesToEven
ScaledClamp	core	fs1,f1,fs2,f2,fs3,f3,fr,rho	s1,c1,s2,c2,s3,c3	code	P3109Reference.SpecAPI.ScaledClamp	5.8	implemented; verified in finite recorded scope	public in SpecAPI; accessed by qualification	blocks:unit-scaled-Clamp-NearestTiesToEven
CompareLess	core	fx,fy	x,y	bool	P3109Reference.SpecAPI.CompareLess	4.12	implemented; verified in finite recorded scope	public in SpecAPI; accessed by qualification	scalar:comparison-CompareLess-0-0
CompareLessEqual	core	fx,fy	x,y	bool	P3109Reference.SpecAPI.CompareLessEqual	4.12	implemented; verified in finite recorded scope	public in SpecAPI; accessed by qualification	scalar:comparison-CompareLessEqual-0-0
CompareEqual	core	fx,fy	x,y	bool	P3109Reference.SpecAPI.CompareEqual	4.12	implemented; verified in finite recorded scope	public in SpecAPI; accessed by qualification	scalar:comparison-CompareEqual-0-0
CompareGreater	core	fx,fy	x,y	bool	P3109Reference.SpecAPI.CompareGreater	4.12	implemented; verified in finite recorded scope	public in SpecAPI; accessed by qualification	scalar:comparison-CompareGreater-0-0
CompareGreaterEqual	core	fx,fy	x,y	bool	P3109Reference.SpecAPI.CompareGreaterEqual	4.12	implemented; verified in finite recorded scope	public in SpecAPI; accessed by qualification	scalar:comparison-CompareGreaterEqual-0-0
TotalOrder	core	fx,fy	x,y	bool	P3109Reference.SpecAPI.TotalOrder	4.12.1	implemented; verified in finite recorded scope	public in SpecAPI; accessed by qualification	domains:order-domain-Binary(4, 2, Signed, Finite), Binary(4, 2, Signed, Finite), -1, 0
IsZero	core	f	x	bool	P3109Reference.SpecAPI.IsZero	4.13	implemented; verified in finite recorded scope	public in SpecAPI; accessed by qualification	scalar:predicate-IsZero-0
IsOne	core	f	x	bool	P3109Reference.SpecAPI.IsOne	4.13	implemented; verified in finite recorded scope	public in SpecAPI; accessed by qualification	scalar:predicate-IsOne-0
IsNaN	core	f	x	bool	P3109Reference.SpecAPI.IsNaN	4.13	implemented; verified in finite recorded scope	public in SpecAPI; accessed by qualification	scalar:predicate-IsNaN-0
IsInfinite	core	f	x	bool	P3109Reference.SpecAPI.IsInfinite	4.13	implemented; verified in finite recorded scope	public in SpecAPI; accessed by qualification	scalar:predicate-IsInfinite-0
IsFinite	core	f	x	bool	P3109Reference.SpecAPI.IsFinite	4.13	implemented; verified in finite recorded scope	public in SpecAPI; accessed by qualification	scalar:predicate-IsFinite-0
IsSignMinus	core	f	x	bool	P3109Reference.SpecAPI.IsSignMinus	4.13	implemented; verified in finite recorded scope	public in SpecAPI; accessed by qualification	scalar:predicate-IsSignMinus-0
IsNormal	core	f	x	bool	P3109Reference.SpecAPI.IsNormal	4.13	implemented; verified in finite recorded scope	public in SpecAPI; accessed by qualification	test/test_interfaces.jl: Source format query surface; evidence/runs/format-queries.txt
IsSubnormal	core	f	x	bool	P3109Reference.SpecAPI.IsSubnormal	4.13	implemented; verified in finite recorded scope	public in SpecAPI; accessed by qualification	smoke:subnormal-Binary(4, 1, Signed, Finite)-0
Class	core	f	x	enum	P3109Reference.SpecAPI.Class	4.13.1	implemented; verified in finite recorded scope	public in SpecAPI; accessed by qualification	codec:class-Binary(4, 1, Signed, Finite)-0
BitwidthOf	core	f		integer	P3109Reference.SpecAPI.BitwidthOf	4.14	implemented; verified in finite recorded scope	public in SpecAPI; accessed by qualification	test/test_interfaces.jl: Source format query surface; evidence/runs/format-queries.txt
PrecisionOf	core	f		integer	P3109Reference.SpecAPI.PrecisionOf	4.14	implemented; verified in finite recorded scope	public in SpecAPI; accessed by qualification	test/test_interfaces.jl: Source format query surface; evidence/runs/format-queries.txt
ExponentBitwidthOf	core	f		integer	P3109Reference.SpecAPI.ExponentBitwidthOf	4.14	implemented; verified in finite recorded scope	public in SpecAPI; accessed by qualification	test/test_interfaces.jl: Source format query surface; evidence/runs/format-queries.txt
TrailingSignificandBitwidthOf	core	f		integer	P3109Reference.SpecAPI.TrailingSignificandBitwidthOf	4.14	implemented; verified in finite recorded scope	public in SpecAPI; accessed by qualification	test/test_interfaces.jl: Source format query surface; evidence/runs/format-queries.txt
ExponentBiasOf	core	f		integer	P3109Reference.SpecAPI.ExponentBiasOf	4.14	implemented; verified in finite recorded scope	public in SpecAPI; accessed by qualification	test/test_interfaces.jl: Source format query surface; evidence/runs/format-queries.txt
SignednessOf	core	f		enum	P3109Reference.SpecAPI.SignednessOf	4.14	implemented; verified in finite recorded scope	public in SpecAPI; accessed by qualification	test/test_interfaces.jl: Source format query surface; evidence/runs/format-queries.txt
DomainOf	core	f		enum	P3109Reference.SpecAPI.DomainOf	4.14	implemented; verified in finite recorded scope	public in SpecAPI; accessed by qualification	test/test_interfaces.jl: Source format query surface; evidence/runs/format-queries.txt
MaxFiniteOf	core	f		code	P3109Reference.SpecAPI.MaxFiniteOf	4.14	implemented; verified in finite recorded scope	public in SpecAPI; accessed by qualification	test/test_interfaces.jl: Source format query surface; evidence/runs/format-queries.txt
MinFiniteOf	core	f		code	P3109Reference.SpecAPI.MinFiniteOf	4.14	implemented; verified in finite recorded scope	public in SpecAPI; accessed by qualification	test/test_interfaces.jl: Source format query surface; evidence/runs/format-queries.txt
MinPositiveOf	core	f		code	P3109Reference.SpecAPI.MinPositiveOf	4.14	implemented; verified in finite recorded scope	public in SpecAPI; accessed by qualification	test/test_interfaces.jl: Source format query surface; evidence/runs/format-queries.txt
MaxSubnormalOf	core	f		code	P3109Reference.SpecAPI.MaxSubnormalOf	4.14	implemented; verified in finite recorded scope	public in SpecAPI; accessed by qualification	conformance:D1-positive-subnormal-count
MinNormalOf	core	f		code	P3109Reference.SpecAPI.MinNormalOf	4.14	implemented; verified in finite recorded scope	public in SpecAPI; accessed by qualification	test/test_interfaces.jl: Source format query surface; evidence/runs/format-queries.txt
RoundOf	core		rho	enum	P3109Reference.SpecAPI.RoundOf	4.15	implemented; verified in finite recorded scope	public in SpecAPI; accessed by qualification	domains:invalid-round-query
SatOf	core		rho	enum	P3109Reference.SpecAPI.SatOf	4.15	implemented; verified in finite recorded scope	public in SpecAPI; accessed by qualification	domains:invalid-sat-query
NextGreaterThan	core	f	x	code	P3109Reference.SpecAPI.NextGreaterThan	4.16	implemented; verified in finite recorded scope	public in SpecAPI; accessed by qualification	domains:next-domain-NextGreaterThan-Binary(4, 2, Signed, Finite)--1
NextLessThan	core	f	x	code	P3109Reference.SpecAPI.NextLessThan	4.16	implemented; verified in finite recorded scope	public in SpecAPI; accessed by qualification	domains:next-domain-NextLessThan-Binary(4, 2, Signed, Finite)--1
ConvertFromBlock	core	B,fs,fx,fr,rho	s,xs	codes	P3109Reference.SpecAPI.ConvertFromBlock	5.5.1	implemented; verified in finite recorded scope	public in SpecAPI; accessed by qualification	blocks:convert-from
ConvertToBlock	core	B,fx,fs,fr,rho	xs,s	codes	P3109Reference.SpecAPI.ConvertToBlock	5.5.2	implemented; verified in finite recorded scope	public in SpecAPI; accessed by qualification	blocks:convert-to
ConvertToBlockMaxAbsFinite	core	B,fx,fs,fr,rho_s,rho	xs	block	P3109Reference.SpecAPI.ConvertToBlockMaxAbsFinite	5.5.3	implemented; verified in finite recorded scope	public in SpecAPI; accessed by qualification	blocks:all-nan-maxabs
BlockReduceAdd	core	B,fs,fx,fr,rho	s,xs	code	P3109Reference.SpecAPI.BlockReduceAdd	5.6.1	implemented; verified in finite recorded scope	public in SpecAPI; accessed by qualification	blocks:sum
BlockReduceMultiply	core	B,fs,fx,fr,rho	s,xs	code	P3109Reference.SpecAPI.BlockReduceMultiply	5.6.1	implemented; verified in finite recorded scope	public in SpecAPI; accessed by qualification	blocks:product
BlockDotProduct	core	B,fsx,fx,fsy,fy,fr,rho	sx,xs,sy,ys	code	P3109Reference.SpecAPI.BlockDotProduct	5.6.2	implemented; verified in finite recorded scope	public in SpecAPI; accessed by qualification	blocks:dot
