requirement	clause	pages	source_rows	equations	tests	proofs	status	notes
operation:Convert	4.9.1	32	definition / behavior family	p3109-omega-arithmetic-001,p3109-scalar-Convert,p3109-block-Convert,p3109-scaled-Convert	scalar	see proofs/obligations.tsv	executable on valid internal rational domains	
operation:Abs	4.10.1	33	definition / behavior family	p3109-omega-arithmetic-002,p3109-omega-arithmetic-003,p3109-omega-arithmetic-004,p3109-scalar-Abs,p3109-block-Abs,p3109-scaled-Abs,p3109-real-expressions-025	scalar	see proofs/obligations.tsv	executable on valid internal rational domains	
operation:Negate	4.10.1	33	definition / behavior family	p3109-omega-arithmetic-005,p3109-omega-arithmetic-006,p3109-omega-arithmetic-007,p3109-omega-arithmetic-008,p3109-scalar-Negate,p3109-block-Negate,p3109-scaled-Negate,p3109-real-expressions-024	scalar	see proofs/obligations.tsv	executable on valid internal rational domains	
operation:CopySign	4.10.2	34	definition / behavior family	p3109-omega-arithmetic-009,p3109-omega-arithmetic-010,p3109-omega-arithmetic-011,p3109-omega-arithmetic-012,p3109-scalar-CopySign,p3109-block-CopySign,p3109-scaled-CopySign	scalar	see proofs/obligations.tsv	executable on valid internal rational domains	
operation:Add	4.10.3	35	definition / behavior family	p3109-omega-arithmetic-013,p3109-omega-arithmetic-014,p3109-omega-arithmetic-015,p3109-omega-arithmetic-016,p3109-omega-arithmetic-017,p3109-omega-arithmetic-018,p3109-omega-arithmetic-019,p3109-omega-arithmetic-020,p3109-scalar-Add,p3109-block-Add,p3109-scaled-Add,p3109-real-expressions-022	scalar	see proofs/obligations.tsv	executable on valid internal rational domains	
operation:Subtract	4.10.3	35	definition / behavior family	p3109-omega-arithmetic-021,p3109-scalar-Subtract,p3109-block-Subtract,p3109-scaled-Subtract	scalar	see proofs/obligations.tsv	executable on valid internal rational domains	
operation:Multiply	4.10.4	36	definition / behavior family	p3109-omega-arithmetic-022,p3109-omega-arithmetic-023,p3109-omega-arithmetic-024,p3109-omega-arithmetic-025,p3109-omega-arithmetic-026,p3109-omega-arithmetic-027,p3109-omega-arithmetic-028,p3109-scalar-Multiply,p3109-block-Multiply,p3109-scaled-Multiply,p3109-real-expressions-023,p3109-real-expressions-028,p3109-real-expressions-029	scalar	see proofs/obligations.tsv	executable on valid internal rational domains	
operation:Divide	4.10.5	37	definition / behavior family	p3109-omega-arithmetic-029,p3109-omega-arithmetic-030,p3109-omega-arithmetic-031,p3109-omega-arithmetic-032,p3109-omega-arithmetic-033,p3109-omega-arithmetic-034,p3109-omega-arithmetic-035,p3109-scalar-Divide,p3109-block-Divide,p3109-scaled-Divide,p3109-real-expressions-026,p3109-real-expressions-027,p3109-real-expressions-030	scalar	see proofs/obligations.tsv	executable on valid internal rational domains	
operation:FMA	4.10.6	38	definition / behavior family	p3109-omega-arithmetic-037,p3109-scalar-FMA,p3109-block-FMA,p3109-scaled-FMA	scalar	see proofs/obligations.tsv	executable on valid internal rational domains	
operation:FAA	4.10.7	39	definition / behavior family	p3109-omega-arithmetic-038,p3109-scalar-FAA,p3109-block-FAA,p3109-scaled-FAA	scalar	see proofs/obligations.tsv	executable on valid internal rational domains	
operation:Sqrt	4.10.8	40	definition / behavior family	p3109-scalar-Sqrt,p3109-block-Sqrt,p3109-scaled-Sqrt,p3109-omega-elementary-001,p3109-omega-elementary-002,p3109-omega-elementary-035,p3109-omega-elementary-036,p3109-omega-elementary-069	symbolic	see proofs/obligations.tsv	symbolic with exact cases	
operation:Recip	4.10.8	40	definition / behavior family	p3109-omega-arithmetic-036,p3109-scalar-Recip,p3109-block-Recip,p3109-scaled-Recip	scalar	see proofs/obligations.tsv	executable on valid internal rational domains	
operation:RSqrt	4.10.8	40	definition / behavior family	p3109-scalar-RSqrt,p3109-block-RSqrt,p3109-scaled-RSqrt,p3109-omega-elementary-080,p3109-omega-elementary-081,p3109-omega-elementary-082,p3109-omega-elementary-083,p3109-omega-elementary-084	symbolic	see proofs/obligations.tsv	symbolic with exact cases	
operation:Exp	4.10.9	41	definition / behavior family	p3109-scalar-Exp,p3109-block-Exp,p3109-scaled-Exp,p3109-omega-elementary-003,p3109-omega-elementary-004,p3109-omega-elementary-037,p3109-omega-elementary-038	symbolic	see proofs/obligations.tsv	symbolic with exact cases	
operation:Exp2	4.10.9	41	definition / behavior family	p3109-scalar-Exp2,p3109-block-Exp2,p3109-scaled-Exp2,p3109-omega-elementary-005,p3109-omega-elementary-006,p3109-omega-elementary-039,p3109-omega-elementary-040	symbolic	see proofs/obligations.tsv	symbolic with exact cases	
operation:Log	4.10.9	41	definition / behavior family	p3109-scalar-Log,p3109-block-Log,p3109-scaled-Log,p3109-omega-elementary-007,p3109-omega-elementary-008,p3109-omega-elementary-041,p3109-omega-elementary-042,p3109-omega-elementary-070,p3109-omega-elementary-072	symbolic	see proofs/obligations.tsv	symbolic with exact cases	
operation:Log2	4.10.9	41	definition / behavior family	p3109-scalar-Log2,p3109-block-Log2,p3109-scaled-Log2,p3109-omega-elementary-009,p3109-omega-elementary-010,p3109-omega-elementary-043,p3109-omega-elementary-044,p3109-omega-elementary-071,p3109-omega-elementary-073	symbolic	see proofs/obligations.tsv	symbolic with exact cases	
operation:LogOnePlus	4.10.9	41	definition / behavior family	p3109-scalar-LogOnePlus,p3109-block-LogOnePlus,p3109-scaled-LogOnePlus,p3109-omega-elementary-085	symbolic	see proofs/obligations.tsv	symbolic with exact cases	
operation:ExpMinusOne	4.10.9	41	definition / behavior family	p3109-scalar-ExpMinusOne,p3109-block-ExpMinusOne,p3109-scaled-ExpMinusOne,p3109-omega-elementary-086	symbolic	see proofs/obligations.tsv	symbolic with exact cases	
operation:Sin	4.10.10	42	definition / behavior family	p3109-scalar-Sin,p3109-block-Sin,p3109-scaled-Sin,p3109-omega-elementary-011,p3109-omega-elementary-012,p3109-omega-elementary-045,p3109-omega-elementary-046	symbolic	see proofs/obligations.tsv	symbolic with exact cases	
operation:Cos	4.10.10	42	definition / behavior family	p3109-scalar-Cos,p3109-block-Cos,p3109-scaled-Cos,p3109-omega-elementary-013,p3109-omega-elementary-014,p3109-omega-elementary-047,p3109-omega-elementary-048	symbolic	see proofs/obligations.tsv	symbolic with exact cases	
operation:Tan	4.10.10	42	definition / behavior family	p3109-scalar-Tan,p3109-block-Tan,p3109-scaled-Tan,p3109-omega-elementary-015,p3109-omega-elementary-016,p3109-omega-elementary-049,p3109-omega-elementary-050,p3109-omega-elementary-094,p3109-omega-elementary-095	symbolic	see proofs/obligations.tsv	symbolic with exact cases	
operation:ArcSin	4.10.10	42	definition / behavior family	p3109-scalar-ArcSin,p3109-block-ArcSin,p3109-scaled-ArcSin,p3109-omega-elementary-017,p3109-omega-elementary-018,p3109-omega-elementary-051,p3109-omega-elementary-052,p3109-omega-elementary-074	symbolic	see proofs/obligations.tsv	symbolic with exact cases	
operation:ArcCos	4.10.10	42	definition / behavior family	p3109-scalar-ArcCos,p3109-block-ArcCos,p3109-scaled-ArcCos,p3109-omega-elementary-019,p3109-omega-elementary-020,p3109-omega-elementary-053,p3109-omega-elementary-054,p3109-omega-elementary-075	symbolic	see proofs/obligations.tsv	symbolic with exact cases	
operation:ArcTan	4.10.10	42	definition / behavior family	p3109-scalar-ArcTan,p3109-block-ArcTan,p3109-scaled-ArcTan,p3109-omega-elementary-021,p3109-omega-elementary-022,p3109-omega-elementary-055,p3109-omega-elementary-056	symbolic	see proofs/obligations.tsv	symbolic with exact cases	
operation:Sinh	4.10.11	43	definition / behavior family	p3109-scalar-Sinh,p3109-block-Sinh,p3109-scaled-Sinh,p3109-omega-elementary-023,p3109-omega-elementary-024,p3109-omega-elementary-057,p3109-omega-elementary-058	symbolic	see proofs/obligations.tsv	symbolic with exact cases	
operation:Cosh	4.10.11	43	definition / behavior family	p3109-scalar-Cosh,p3109-block-Cosh,p3109-scaled-Cosh,p3109-omega-elementary-025,p3109-omega-elementary-026,p3109-omega-elementary-059,p3109-omega-elementary-060	symbolic	see proofs/obligations.tsv	symbolic with exact cases	
operation:Tanh	4.10.11	43	definition / behavior family	p3109-scalar-Tanh,p3109-block-Tanh,p3109-scaled-Tanh,p3109-omega-elementary-027,p3109-omega-elementary-028,p3109-omega-elementary-061,p3109-omega-elementary-062	symbolic	see proofs/obligations.tsv	symbolic with exact cases	
operation:ArcSinh	4.10.11	43	definition / behavior family	p3109-scalar-ArcSinh,p3109-block-ArcSinh,p3109-scaled-ArcSinh,p3109-omega-elementary-029,p3109-omega-elementary-030,p3109-omega-elementary-063,p3109-omega-elementary-064	symbolic	see proofs/obligations.tsv	symbolic with exact cases	
operation:ArcCosh	4.10.11	43	definition / behavior family	p3109-scalar-ArcCosh,p3109-block-ArcCosh,p3109-scaled-ArcCosh,p3109-omega-elementary-031,p3109-omega-elementary-032,p3109-omega-elementary-065,p3109-omega-elementary-066,p3109-omega-elementary-077	symbolic	see proofs/obligations.tsv	symbolic with exact cases	
operation:ArcTanh	4.10.11	43	definition / behavior family	p3109-scalar-ArcTanh,p3109-block-ArcTanh,p3109-scaled-ArcTanh,p3109-omega-elementary-033,p3109-omega-elementary-034,p3109-omega-elementary-067,p3109-omega-elementary-068,p3109-omega-elementary-076,p3109-omega-elementary-078,p3109-omega-elementary-079	symbolic	see proofs/obligations.tsv	symbolic with exact cases	
operation:SinPi	4.10.12	44	definition / behavior family	p3109-scalar-SinPi,p3109-block-SinPi,p3109-scaled-SinPi,p3109-omega-elementary-088	symbolic	see proofs/obligations.tsv	symbolic with exact cases	
operation:CosPi	4.10.12	44	definition / behavior family	p3109-scalar-CosPi,p3109-block-CosPi,p3109-scaled-CosPi,p3109-omega-elementary-089	symbolic	see proofs/obligations.tsv	symbolic with exact cases	
operation:TanPi	4.10.12	44	definition / behavior family	p3109-scalar-TanPi,p3109-block-TanPi,p3109-scaled-TanPi,p3109-omega-elementary-090	symbolic	see proofs/obligations.tsv	symbolic with exact cases	
operation:ArcSinPi	4.10.12	44	definition / behavior family	p3109-scalar-ArcSinPi,p3109-block-ArcSinPi,p3109-scaled-ArcSinPi,p3109-omega-elementary-091	symbolic	see proofs/obligations.tsv	symbolic with exact cases	
operation:ArcCosPi	4.10.12	44	definition / behavior family	p3109-scalar-ArcCosPi,p3109-block-ArcCosPi,p3109-scaled-ArcCosPi,p3109-omega-elementary-092	symbolic	see proofs/obligations.tsv	symbolic with exact cases	
operation:ArcTanPi	4.10.12	44	definition / behavior family	p3109-scalar-ArcTanPi,p3109-block-ArcTanPi,p3109-scaled-ArcTanPi,p3109-omega-elementary-093	symbolic	see proofs/obligations.tsv	symbolic with exact cases	
operation:Softplus	4.10.13	45	definition / behavior family	p3109-scalar-Softplus,p3109-block-Softplus,p3109-scaled-Softplus,p3109-omega-elementary-087	symbolic	see proofs/obligations.tsv	symbolic with exact cases	
operation:Hypot	4.10.14	46	definition / behavior family	p3109-scalar-Hypot,p3109-block-Hypot,p3109-scaled-Hypot,p3109-omega-elementary-138,p3109-omega-elementary-139,p3109-omega-elementary-140,p3109-omega-elementary-141,p3109-omega-elementary-142	symbolic	see proofs/obligations.tsv	symbolic with exact cases	
operation:ArcTan2	4.10.15	47	definition / behavior family	p3109-scalar-ArcTan2,p3109-block-ArcTan2,p3109-scaled-ArcTan2,p3109-omega-elementary-143,p3109-omega-elementary-144,p3109-omega-elementary-145,p3109-omega-elementary-146,p3109-omega-elementary-147,p3109-omega-elementary-148,p3109-omega-elementary-149,p3109-omega-elementary-150,p3109-omega-elementary-151,p3109-omega-elementary-152,p3109-omega-elementary-153,p3109-omega-elementary-154,p3109-omega-elementary-155,p3109-omega-elementary-156,p3109-omega-elementary-157,p3109-omega-elementary-158	symbolic	see proofs/obligations.tsv	symbolic with exact cases	
operation:ArcTan2Pi	4.10.16	48	definition / behavior family	p3109-scalar-ArcTan2Pi,p3109-block-ArcTan2Pi,p3109-scaled-ArcTan2Pi,p3109-omega-elementary-159	symbolic	see proofs/obligations.tsv	symbolic with exact cases	
operation:Minimum	4.11.1	49	definition / behavior family	p3109-omega-extrema-001,p3109-omega-extrema-002,p3109-omega-extrema-003,p3109-omega-extrema-004,p3109-scalar-Minimum,p3109-block-Minimum,p3109-scaled-Minimum	scalar	see proofs/obligations.tsv	executable on valid internal rational domains	
operation:Maximum	4.11.1	49	definition / behavior family	p3109-omega-extrema-022,p3109-omega-extrema-023,p3109-omega-extrema-024,p3109-omega-extrema-025,p3109-scalar-Maximum,p3109-block-Maximum,p3109-scaled-Maximum	scalar	see proofs/obligations.tsv	executable on valid internal rational domains	
operation:MinimumNumber	4.11.1	49	definition / behavior family	p3109-omega-extrema-005,p3109-omega-extrema-006,p3109-omega-extrema-007,p3109-scalar-MinimumNumber,p3109-block-MinimumNumber,p3109-scaled-MinimumNumber	scalar	see proofs/obligations.tsv	executable on valid internal rational domains	
operation:MaximumNumber	4.11.1	49	definition / behavior family	p3109-omega-extrema-026,p3109-omega-extrema-027,p3109-omega-extrema-028,p3109-scalar-MaximumNumber,p3109-block-MaximumNumber,p3109-scaled-MaximumNumber	scalar	see proofs/obligations.tsv	executable on valid internal rational domains	
operation:MinimumMagnitude	4.11.2	50	definition / behavior family	p3109-omega-extrema-008,p3109-omega-extrema-009,p3109-omega-extrema-010,p3109-omega-extrema-011,p3109-omega-extrema-012,p3109-scalar-MinimumMagnitude,p3109-block-MinimumMagnitude,p3109-scaled-MinimumMagnitude	scalar	see proofs/obligations.tsv	executable on valid internal rational domains	
operation:MaximumMagnitude	4.11.2	50	definition / behavior family	p3109-omega-extrema-029,p3109-omega-extrema-030,p3109-omega-extrema-031,p3109-omega-extrema-032,p3109-omega-extrema-033,p3109-scalar-MaximumMagnitude,p3109-block-MaximumMagnitude,p3109-scaled-MaximumMagnitude	scalar	see proofs/obligations.tsv	executable on valid internal rational domains	
operation:MinimumMagnitudeNumber	4.11.2	50	definition / behavior family	p3109-omega-extrema-013,p3109-omega-extrema-014,p3109-omega-extrema-015,p3109-scalar-MinimumMagnitudeNumber,p3109-block-MinimumMagnitudeNumber,p3109-scaled-MinimumMagnitudeNumber	scalar	see proofs/obligations.tsv	executable on valid internal rational domains	
operation:MaximumMagnitudeNumber	4.11.2	50	definition / behavior family	p3109-omega-extrema-034,p3109-omega-extrema-035,p3109-omega-extrema-036,p3109-scalar-MaximumMagnitudeNumber,p3109-block-MaximumMagnitudeNumber,p3109-scaled-MaximumMagnitudeNumber	scalar	see proofs/obligations.tsv	executable on valid internal rational domains	
operation:MinimumFinite	4.11.3	51	definition / behavior family	p3109-omega-extrema-016,p3109-omega-extrema-017,p3109-omega-extrema-018,p3109-omega-extrema-019,p3109-omega-extrema-020,p3109-omega-extrema-021,p3109-scalar-MinimumFinite,p3109-block-MinimumFinite,p3109-scaled-MinimumFinite	scalar	see proofs/obligations.tsv	executable on valid internal rational domains	
operation:MaximumFinite	4.11.3	51	definition / behavior family	p3109-omega-extrema-037,p3109-omega-extrema-038,p3109-omega-extrema-039,p3109-omega-extrema-040,p3109-omega-extrema-041,p3109-omega-extrema-042,p3109-scalar-MaximumFinite,p3109-block-MaximumFinite,p3109-scaled-MaximumFinite	scalar	see proofs/obligations.tsv	executable on valid internal rational domains	
operation:Clamp	4.11.4	52	definition / behavior family	p3109-omega-extrema-043,p3109-omega-extrema-044,p3109-omega-extrema-045,p3109-omega-extrema-046,p3109-omega-extrema-047,p3109-scalar-Clamp,p3109-block-Clamp,p3109-scaled-Clamp	scalar	see proofs/obligations.tsv	executable on valid internal rational domains	
operation:CompareLess	4.12	53	definition / behavior family	p3109-predicates-001	codec;conformance	see proofs/obligations.tsv	executable on valid internal rational domains	
operation:CompareLessEqual	4.12	53	definition / behavior family	p3109-predicates-002	codec;conformance	see proofs/obligations.tsv	executable on valid internal rational domains	
operation:CompareEqual	4.12	53	definition / behavior family	p3109-predicates-003	codec;conformance	see proofs/obligations.tsv	executable on valid internal rational domains	
operation:CompareGreater	4.12	53	definition / behavior family	p3109-predicates-005	codec;conformance	see proofs/obligations.tsv	executable on valid internal rational domains	
operation:CompareGreaterEqual	4.12	53	definition / behavior family	p3109-predicates-004	codec;conformance	see proofs/obligations.tsv	executable on valid internal rational domains	
operation:TotalOrder	4.12.1	54	definition / behavior family	p3109-order-next-001	order-next	see proofs/obligations.tsv	executable on valid internal rational domains	
operation:IsZero	4.13	56	definition / behavior family	p3109-predicates-006	codec;conformance	see proofs/obligations.tsv	executable on valid internal rational domains	
operation:IsOne	4.13	56	definition / behavior family	p3109-predicates-007	codec;conformance	see proofs/obligations.tsv	executable on valid internal rational domains	
operation:IsNaN	4.13	56	definition / behavior family	p3109-predicates-008	codec;conformance	see proofs/obligations.tsv	executable on valid internal rational domains	
operation:IsInfinite	4.13	56	definition / behavior family	p3109-predicates-009	codec;conformance	see proofs/obligations.tsv	executable on valid internal rational domains	
operation:IsFinite	4.13	56	definition / behavior family	p3109-predicates-010	codec;conformance	see proofs/obligations.tsv	executable on valid internal rational domains	
operation:IsSignMinus	4.13	56	definition / behavior family	p3109-predicates-011	codec;conformance	see proofs/obligations.tsv	executable on valid internal rational domains	
operation:IsNormal	4.13	56	definition / behavior family	p3109-predicates-012,p3109-predicates-013	codec;conformance	see proofs/obligations.tsv	executable on valid internal rational domains	
operation:IsSubnormal	4.13	56	definition / behavior family	p3109-predicates-014	codec;conformance	see proofs/obligations.tsv	executable on valid internal rational domains	
operation:Class	4.13.1	57	definition / behavior family	p3109-predicates-015,p3109-predicates-016,p3109-predicates-017,p3109-predicates-018,p3109-predicates-019	codec;conformance	see proofs/obligations.tsv	executable on valid internal rational domains	
operation:BitwidthOf	4.14	58	definition / behavior family	p3109-format-core-003,p3109-format-core-017,p3109-format-core-025,p3109-format-core-033,p3109-format-core-041	codec;conformance	see proofs/obligations.tsv	executable on valid internal rational domains	
operation:PrecisionOf	4.14	58	definition / behavior family	p3109-format-core-004,p3109-format-core-018,p3109-format-core-026,p3109-format-core-034,p3109-format-core-042	codec;conformance	see proofs/obligations.tsv	executable on valid internal rational domains	
operation:ExponentBitwidthOf	4.14	58	definition / behavior family	p3109-format-core-008	codec;conformance	see proofs/obligations.tsv	executable on valid internal rational domains	
operation:TrailingSignificandBitwidthOf	4.14	58	definition / behavior family	p3109-format-core-009	codec;conformance	see proofs/obligations.tsv	executable on valid internal rational domains	
operation:ExponentBiasOf	4.14	58	definition / behavior family	p3109-format-core-007,p3109-format-core-019,p3109-format-core-027,p3109-format-core-035,p3109-format-core-043	codec;conformance	see proofs/obligations.tsv	executable on valid internal rational domains	
operation:SignednessOf	4.14	58	definition / behavior family	p3109-format-core-005,p3109-format-core-020,p3109-format-core-028,p3109-format-core-036,p3109-format-core-044	codec;conformance	see proofs/obligations.tsv	executable on valid internal rational domains	
operation:DomainOf	4.14	58	definition / behavior family	p3109-format-core-006,p3109-format-core-021,p3109-format-core-029,p3109-format-core-037,p3109-format-core-045	codec;conformance	see proofs/obligations.tsv	executable on valid internal rational domains	
operation:MaxFiniteOf	4.14	58	definition / behavior family	p3109-format-queries-001,p3109-format-queries-006	codec;conformance	see proofs/obligations.tsv	executable on valid internal rational domains	
operation:MinFiniteOf	4.14	58	definition / behavior family	p3109-format-queries-002,p3109-format-queries-007	codec;conformance	see proofs/obligations.tsv	executable on valid internal rational domains	
operation:MinPositiveOf	4.14	58	definition / behavior family	p3109-format-queries-003,p3109-format-queries-008	codec;conformance	see proofs/obligations.tsv	executable on valid internal rational domains	
operation:MaxSubnormalOf	4.14	58	definition / behavior family	p3109-format-queries-004,p3109-format-queries-009	codec;conformance	see proofs/obligations.tsv	executable on valid internal rational domains	
operation:MinNormalOf	4.14	58	definition / behavior family	p3109-format-queries-005,p3109-format-queries-010	codec;conformance	see proofs/obligations.tsv	executable on valid internal rational domains	
operation:RoundOf	4.15	58	definition / behavior family	p3109-projection-spec-029	codec;conformance	see proofs/obligations.tsv	executable on valid internal rational domains	
operation:SatOf	4.15	58	definition / behavior family	p3109-projection-spec-030	codec;conformance	see proofs/obligations.tsv	executable on valid internal rational domains	
operation:NextGreaterThan	4.16	59	definition / behavior family	p3109-order-next-004	order-next	see proofs/obligations.tsv	executable on valid internal rational domains	
operation:NextLessThan	4.16	59	definition / behavior family	p3109-order-next-006	order-next	see proofs/obligations.tsv	executable on valid internal rational domains	
operation:ConvertFromBlock	5.5.1	64	definition / behavior family	p3109-block-ops-011	blocks	see proofs/obligations.tsv	executable on valid internal rational domains	
operation:ConvertToBlock	5.5.2	65	definition / behavior family	p3109-block-ops-012	blocks	see proofs/obligations.tsv	executable on valid internal rational domains	
operation:ConvertToBlockMaxAbsFinite	5.5.3	66	definition / behavior family	p3109-block-ops-013	blocks	see proofs/obligations.tsv	executable on valid internal rational domains	
operation:BlockReduceAdd	5.6.1	67	definition / behavior family	p3109-block-ops-015	blocks	see proofs/obligations.tsv	executable on valid internal rational domains	
operation:BlockReduceMultiply	5.6.1	67	definition / behavior family	p3109-block-ops-016	blocks	see proofs/obligations.tsv	executable on valid internal rational domains	
operation:BlockDotProduct	5.6.2	68	definition / behavior family	p3109-block-ops-017	blocks	see proofs/obligations.tsv	executable on valid internal rational domains	
FMA:row:01	4.10.6	38	1	p3109-omega-arithmetic-037	scalar: exhaustive original-case oracle	see proofs/obligations.tsv	modeled	Composition/refinement argument in coverage.md; finite testing is not a universal proof.
FMA:row:02	4.10.6	38	2	p3109-omega-arithmetic-037	scalar: exhaustive original-case oracle	see proofs/obligations.tsv	modeled	Composition/refinement argument in coverage.md; finite testing is not a universal proof.
FMA:row:03	4.10.6	38	3	p3109-omega-arithmetic-037	scalar: exhaustive original-case oracle	see proofs/obligations.tsv	modeled	Composition/refinement argument in coverage.md; finite testing is not a universal proof.
FMA:row:04	4.10.6	38	4	p3109-omega-arithmetic-037	scalar: exhaustive original-case oracle	see proofs/obligations.tsv	modeled	Composition/refinement argument in coverage.md; finite testing is not a universal proof.
FMA:row:05	4.10.6	38	5	p3109-omega-arithmetic-037	scalar: exhaustive original-case oracle	see proofs/obligations.tsv	modeled	Composition/refinement argument in coverage.md; finite testing is not a universal proof.
FMA:row:06	4.10.6	38	6	p3109-omega-arithmetic-037	scalar: exhaustive original-case oracle	see proofs/obligations.tsv	modeled	Composition/refinement argument in coverage.md; finite testing is not a universal proof.
FMA:row:07	4.10.6	38	7	p3109-omega-arithmetic-037	scalar: exhaustive original-case oracle	see proofs/obligations.tsv	modeled	Composition/refinement argument in coverage.md; finite testing is not a universal proof.
FMA:row:08	4.10.6	38	8	p3109-omega-arithmetic-037	scalar: exhaustive original-case oracle	see proofs/obligations.tsv	modeled	Composition/refinement argument in coverage.md; finite testing is not a universal proof.
FMA:row:09	4.10.6	38	9	p3109-omega-arithmetic-037	scalar: exhaustive original-case oracle	see proofs/obligations.tsv	modeled	Composition/refinement argument in coverage.md; finite testing is not a universal proof.
FMA:row:10	4.10.6	38	10	p3109-omega-arithmetic-037	scalar: exhaustive original-case oracle	see proofs/obligations.tsv	modeled	Composition/refinement argument in coverage.md; finite testing is not a universal proof.
FMA:row:11	4.10.6	38	11	p3109-omega-arithmetic-037	scalar: exhaustive original-case oracle	see proofs/obligations.tsv	modeled	Composition/refinement argument in coverage.md; finite testing is not a universal proof.
FMA:row:12	4.10.6	38	12	p3109-omega-arithmetic-037	scalar: exhaustive original-case oracle	see proofs/obligations.tsv	modeled	Composition/refinement argument in coverage.md; finite testing is not a universal proof.
FMA:row:13	4.10.6	38	13	p3109-omega-arithmetic-037	scalar: exhaustive original-case oracle	see proofs/obligations.tsv	modeled	Composition/refinement argument in coverage.md; finite testing is not a universal proof.
FMA:row:14	4.10.6	38	14	p3109-omega-arithmetic-037	scalar: exhaustive original-case oracle	see proofs/obligations.tsv	modeled	Composition/refinement argument in coverage.md; finite testing is not a universal proof.
FMA:row:15	4.10.6	38	15	p3109-omega-arithmetic-037	scalar: exhaustive original-case oracle	see proofs/obligations.tsv	modeled	Composition/refinement argument in coverage.md; finite testing is not a universal proof.
FMA:row:16	4.10.6	38	16	p3109-omega-arithmetic-037	scalar: exhaustive original-case oracle	see proofs/obligations.tsv	modeled	Composition/refinement argument in coverage.md; finite testing is not a universal proof.
FMA:row:17	4.10.6	38	17	p3109-omega-arithmetic-037	scalar: exhaustive original-case oracle	see proofs/obligations.tsv	modeled	Composition/refinement argument in coverage.md; finite testing is not a universal proof.
FMA:row:18	4.10.6	38	18	p3109-omega-arithmetic-037	scalar: exhaustive original-case oracle	see proofs/obligations.tsv	modeled	Composition/refinement argument in coverage.md; finite testing is not a universal proof.
FMA:row:19	4.10.6	38	19	p3109-omega-arithmetic-037	scalar: exhaustive original-case oracle	see proofs/obligations.tsv	modeled	Composition/refinement argument in coverage.md; finite testing is not a universal proof.
FMA:row:20	4.10.6	38	20	p3109-omega-arithmetic-037	scalar: exhaustive original-case oracle	see proofs/obligations.tsv	modeled	Composition/refinement argument in coverage.md; finite testing is not a universal proof.
FMA:row:21	4.10.6	38	21	p3109-omega-arithmetic-037	scalar: exhaustive original-case oracle	see proofs/obligations.tsv	modeled	Composition/refinement argument in coverage.md; finite testing is not a universal proof.
FMA:row:22	4.10.6	38	22	p3109-omega-arithmetic-037	scalar: exhaustive original-case oracle	see proofs/obligations.tsv	modeled	Composition/refinement argument in coverage.md; finite testing is not a universal proof.
FMA:row:23	4.10.6	38	23	p3109-omega-arithmetic-037	scalar: exhaustive original-case oracle	see proofs/obligations.tsv	modeled	Composition/refinement argument in coverage.md; finite testing is not a universal proof.
FMA:row:24	4.10.6	38	24	p3109-omega-arithmetic-037	scalar: exhaustive original-case oracle	see proofs/obligations.tsv	modeled	Composition/refinement argument in coverage.md; finite testing is not a universal proof.
FMA:row:25	4.10.6	38	25	p3109-omega-arithmetic-037	scalar: exhaustive original-case oracle	see proofs/obligations.tsv	modeled	Composition/refinement argument in coverage.md; finite testing is not a universal proof.
FMA:row:26	4.10.6	38	26	p3109-omega-arithmetic-037	scalar: exhaustive original-case oracle	see proofs/obligations.tsv	modeled	Composition/refinement argument in coverage.md; finite testing is not a universal proof.
FMA:row:27	4.10.6	38	27	p3109-omega-arithmetic-037	scalar: exhaustive original-case oracle	see proofs/obligations.tsv	modeled	Composition/refinement argument in coverage.md; finite testing is not a universal proof.
FMA:row:28	4.10.6	38	28	p3109-omega-arithmetic-037	scalar: exhaustive original-case oracle	see proofs/obligations.tsv	modeled	Composition/refinement argument in coverage.md; finite testing is not a universal proof.
FMA:row:29	4.10.6	38	29	p3109-omega-arithmetic-037	scalar: exhaustive original-case oracle	see proofs/obligations.tsv	modeled	Composition/refinement argument in coverage.md; finite testing is not a universal proof.
FMA:row:30	4.10.6	38	30	p3109-omega-arithmetic-037	scalar: exhaustive original-case oracle	see proofs/obligations.tsv	modeled	Composition/refinement argument in coverage.md; finite testing is not a universal proof.
FMA:row:31	4.10.6	38	31	p3109-omega-arithmetic-037	scalar: exhaustive original-case oracle	see proofs/obligations.tsv	modeled	Composition/refinement argument in coverage.md; finite testing is not a universal proof.
FMA:row:32	4.10.6	38	32	p3109-omega-arithmetic-037	scalar: exhaustive original-case oracle	see proofs/obligations.tsv	modeled	Composition/refinement argument in coverage.md; finite testing is not a universal proof.
FAA:row:01	4.10.7	39	1	p3109-omega-arithmetic-038	scalar: exhaustive original-case oracle	see proofs/obligations.tsv	modeled	Composition/refinement argument in coverage.md; finite testing is not a universal proof.
FAA:row:02	4.10.7	39	2	p3109-omega-arithmetic-038	scalar: exhaustive original-case oracle	see proofs/obligations.tsv	modeled	Composition/refinement argument in coverage.md; finite testing is not a universal proof.
FAA:row:03	4.10.7	39	3	p3109-omega-arithmetic-038	scalar: exhaustive original-case oracle	see proofs/obligations.tsv	modeled	Composition/refinement argument in coverage.md; finite testing is not a universal proof.
FAA:row:04	4.10.7	39	4	p3109-omega-arithmetic-038	scalar: exhaustive original-case oracle	see proofs/obligations.tsv	modeled	Composition/refinement argument in coverage.md; finite testing is not a universal proof.
FAA:row:05	4.10.7	39	5	p3109-omega-arithmetic-038	scalar: exhaustive original-case oracle	see proofs/obligations.tsv	modeled	Composition/refinement argument in coverage.md; finite testing is not a universal proof.
FAA:row:06	4.10.7	39	6	p3109-omega-arithmetic-038	scalar: exhaustive original-case oracle	see proofs/obligations.tsv	modeled	Composition/refinement argument in coverage.md; finite testing is not a universal proof.
FAA:row:07	4.10.7	39	7	p3109-omega-arithmetic-038	scalar: exhaustive original-case oracle	see proofs/obligations.tsv	modeled	Composition/refinement argument in coverage.md; finite testing is not a universal proof.
FAA:row:08	4.10.7	39	8	p3109-omega-arithmetic-038	scalar: exhaustive original-case oracle	see proofs/obligations.tsv	modeled	Composition/refinement argument in coverage.md; finite testing is not a universal proof.
FAA:row:09	4.10.7	39	9	p3109-omega-arithmetic-038	scalar: exhaustive original-case oracle	see proofs/obligations.tsv	modeled	Composition/refinement argument in coverage.md; finite testing is not a universal proof.
FAA:row:10	4.10.7	39	10	p3109-omega-arithmetic-038	scalar: exhaustive original-case oracle	see proofs/obligations.tsv	modeled	Composition/refinement argument in coverage.md; finite testing is not a universal proof.
FAA:row:11	4.10.7	39	11	p3109-omega-arithmetic-038	scalar: exhaustive original-case oracle	see proofs/obligations.tsv	modeled	Composition/refinement argument in coverage.md; finite testing is not a universal proof.
FAA:row:12	4.10.7	39	12	p3109-omega-arithmetic-038	scalar: exhaustive original-case oracle	see proofs/obligations.tsv	modeled	Composition/refinement argument in coverage.md; finite testing is not a universal proof.
FAA:row:13	4.10.7	39	13	p3109-omega-arithmetic-038	scalar: exhaustive original-case oracle	see proofs/obligations.tsv	modeled	Composition/refinement argument in coverage.md; finite testing is not a universal proof.
FAA:row:14	4.10.7	39	14	p3109-omega-arithmetic-038	scalar: exhaustive original-case oracle	see proofs/obligations.tsv	modeled	Composition/refinement argument in coverage.md; finite testing is not a universal proof.
FAA:row:15	4.10.7	39	15	p3109-omega-arithmetic-038	scalar: exhaustive original-case oracle	see proofs/obligations.tsv	modeled	Composition/refinement argument in coverage.md; finite testing is not a universal proof.
FAA:row:16	4.10.7	39	16	p3109-omega-arithmetic-038	scalar: exhaustive original-case oracle	see proofs/obligations.tsv	modeled	Composition/refinement argument in coverage.md; finite testing is not a universal proof.
FAA:row:17	4.10.7	39	17	p3109-omega-arithmetic-038	scalar: exhaustive original-case oracle	see proofs/obligations.tsv	modeled	Composition/refinement argument in coverage.md; finite testing is not a universal proof.
FAA:row:18	4.10.7	39	18	p3109-omega-arithmetic-038	scalar: exhaustive original-case oracle	see proofs/obligations.tsv	modeled	Composition/refinement argument in coverage.md; finite testing is not a universal proof.
FAA:row:19	4.10.7	39	19	p3109-omega-arithmetic-038	scalar: exhaustive original-case oracle	see proofs/obligations.tsv	modeled	Composition/refinement argument in coverage.md; finite testing is not a universal proof.
FAA:row:20	4.10.7	39	20	p3109-omega-arithmetic-038	scalar: exhaustive original-case oracle	see proofs/obligations.tsv	modeled	Composition/refinement argument in coverage.md; finite testing is not a universal proof.
FAA:row:21	4.10.7	39	21	p3109-omega-arithmetic-038	scalar: exhaustive original-case oracle	see proofs/obligations.tsv	modeled	Composition/refinement argument in coverage.md; finite testing is not a universal proof.
FAA:row:22	4.10.7	39	22	p3109-omega-arithmetic-038	scalar: exhaustive original-case oracle	see proofs/obligations.tsv	modeled	Composition/refinement argument in coverage.md; finite testing is not a universal proof.
FAA:row:23	4.10.7	39	23	p3109-omega-arithmetic-038	scalar: exhaustive original-case oracle	see proofs/obligations.tsv	modeled	Composition/refinement argument in coverage.md; finite testing is not a universal proof.
FAA:row:24	4.10.7	39	24	p3109-omega-arithmetic-038	scalar: exhaustive original-case oracle	see proofs/obligations.tsv	modeled	Composition/refinement argument in coverage.md; finite testing is not a universal proof.
ArcTan2:row:01	4.10.15	47	1	p3109-omega-elementary-143,p3109-omega-elementary-144,p3109-omega-elementary-145,p3109-omega-elementary-146,p3109-omega-elementary-147,p3109-omega-elementary-148,p3109-omega-elementary-149,p3109-omega-elementary-150,p3109-omega-elementary-151,p3109-omega-elementary-152,p3109-omega-elementary-153,p3109-omega-elementary-154,p3109-omega-elementary-155,p3109-omega-elementary-156,p3109-omega-elementary-157,p3109-omega-elementary-158	symbolic:arctan2-radians-row-1	see proofs/obligations.tsv	modeled	Composition/refinement argument in coverage.md; finite testing is not a universal proof.
ArcTan2:row:02	4.10.15	47	2	p3109-omega-elementary-143,p3109-omega-elementary-144,p3109-omega-elementary-145,p3109-omega-elementary-146,p3109-omega-elementary-147,p3109-omega-elementary-148,p3109-omega-elementary-149,p3109-omega-elementary-150,p3109-omega-elementary-151,p3109-omega-elementary-152,p3109-omega-elementary-153,p3109-omega-elementary-154,p3109-omega-elementary-155,p3109-omega-elementary-156,p3109-omega-elementary-157,p3109-omega-elementary-158	symbolic:arctan2-radians-row-2	see proofs/obligations.tsv	modeled	Composition/refinement argument in coverage.md; finite testing is not a universal proof.
ArcTan2:row:03	4.10.15	47	3	p3109-omega-elementary-143,p3109-omega-elementary-144,p3109-omega-elementary-145,p3109-omega-elementary-146,p3109-omega-elementary-147,p3109-omega-elementary-148,p3109-omega-elementary-149,p3109-omega-elementary-150,p3109-omega-elementary-151,p3109-omega-elementary-152,p3109-omega-elementary-153,p3109-omega-elementary-154,p3109-omega-elementary-155,p3109-omega-elementary-156,p3109-omega-elementary-157,p3109-omega-elementary-158	symbolic:arctan2-radians-row-3	see proofs/obligations.tsv	modeled	Composition/refinement argument in coverage.md; finite testing is not a universal proof.
ArcTan2:row:04	4.10.15	47	4	p3109-omega-elementary-143,p3109-omega-elementary-144,p3109-omega-elementary-145,p3109-omega-elementary-146,p3109-omega-elementary-147,p3109-omega-elementary-148,p3109-omega-elementary-149,p3109-omega-elementary-150,p3109-omega-elementary-151,p3109-omega-elementary-152,p3109-omega-elementary-153,p3109-omega-elementary-154,p3109-omega-elementary-155,p3109-omega-elementary-156,p3109-omega-elementary-157,p3109-omega-elementary-158	symbolic:arctan2-radians-row-4	see proofs/obligations.tsv	modeled	Composition/refinement argument in coverage.md; finite testing is not a universal proof.
ArcTan2:row:05	4.10.15	47	5	p3109-omega-elementary-143,p3109-omega-elementary-144,p3109-omega-elementary-145,p3109-omega-elementary-146,p3109-omega-elementary-147,p3109-omega-elementary-148,p3109-omega-elementary-149,p3109-omega-elementary-150,p3109-omega-elementary-151,p3109-omega-elementary-152,p3109-omega-elementary-153,p3109-omega-elementary-154,p3109-omega-elementary-155,p3109-omega-elementary-156,p3109-omega-elementary-157,p3109-omega-elementary-158	symbolic:arctan2-radians-row-5	see proofs/obligations.tsv	modeled	Composition/refinement argument in coverage.md; finite testing is not a universal proof.
ArcTan2:row:06	4.10.15	47	6	p3109-omega-elementary-143,p3109-omega-elementary-144,p3109-omega-elementary-145,p3109-omega-elementary-146,p3109-omega-elementary-147,p3109-omega-elementary-148,p3109-omega-elementary-149,p3109-omega-elementary-150,p3109-omega-elementary-151,p3109-omega-elementary-152,p3109-omega-elementary-153,p3109-omega-elementary-154,p3109-omega-elementary-155,p3109-omega-elementary-156,p3109-omega-elementary-157,p3109-omega-elementary-158	symbolic:arctan2-radians-row-6	see proofs/obligations.tsv	modeled	Composition/refinement argument in coverage.md; finite testing is not a universal proof.
ArcTan2:row:07	4.10.15	47	7	p3109-omega-elementary-143,p3109-omega-elementary-144,p3109-omega-elementary-145,p3109-omega-elementary-146,p3109-omega-elementary-147,p3109-omega-elementary-148,p3109-omega-elementary-149,p3109-omega-elementary-150,p3109-omega-elementary-151,p3109-omega-elementary-152,p3109-omega-elementary-153,p3109-omega-elementary-154,p3109-omega-elementary-155,p3109-omega-elementary-156,p3109-omega-elementary-157,p3109-omega-elementary-158	symbolic:arctan2-radians-row-7	see proofs/obligations.tsv	modeled	Composition/refinement argument in coverage.md; finite testing is not a universal proof.
ArcTan2:row:08	4.10.15	47	8	p3109-omega-elementary-143,p3109-omega-elementary-144,p3109-omega-elementary-145,p3109-omega-elementary-146,p3109-omega-elementary-147,p3109-omega-elementary-148,p3109-omega-elementary-149,p3109-omega-elementary-150,p3109-omega-elementary-151,p3109-omega-elementary-152,p3109-omega-elementary-153,p3109-omega-elementary-154,p3109-omega-elementary-155,p3109-omega-elementary-156,p3109-omega-elementary-157,p3109-omega-elementary-158	symbolic:arctan2-radians-row-8	see proofs/obligations.tsv	modeled	Composition/refinement argument in coverage.md; finite testing is not a universal proof.
ArcTan2:row:09	4.10.15	47	9	p3109-omega-elementary-143,p3109-omega-elementary-144,p3109-omega-elementary-145,p3109-omega-elementary-146,p3109-omega-elementary-147,p3109-omega-elementary-148,p3109-omega-elementary-149,p3109-omega-elementary-150,p3109-omega-elementary-151,p3109-omega-elementary-152,p3109-omega-elementary-153,p3109-omega-elementary-154,p3109-omega-elementary-155,p3109-omega-elementary-156,p3109-omega-elementary-157,p3109-omega-elementary-158	symbolic:arctan2-radians-row-9	see proofs/obligations.tsv	modeled	Composition/refinement argument in coverage.md; finite testing is not a universal proof.
ArcTan2:row:10	4.10.15	47	10	p3109-omega-elementary-143,p3109-omega-elementary-144,p3109-omega-elementary-145,p3109-omega-elementary-146,p3109-omega-elementary-147,p3109-omega-elementary-148,p3109-omega-elementary-149,p3109-omega-elementary-150,p3109-omega-elementary-151,p3109-omega-elementary-152,p3109-omega-elementary-153,p3109-omega-elementary-154,p3109-omega-elementary-155,p3109-omega-elementary-156,p3109-omega-elementary-157,p3109-omega-elementary-158	symbolic:arctan2-radians-row-10	see proofs/obligations.tsv	modeled	Composition/refinement argument in coverage.md; finite testing is not a universal proof.
ArcTan2:row:11	4.10.15	47	11	p3109-omega-elementary-143,p3109-omega-elementary-144,p3109-omega-elementary-145,p3109-omega-elementary-146,p3109-omega-elementary-147,p3109-omega-elementary-148,p3109-omega-elementary-149,p3109-omega-elementary-150,p3109-omega-elementary-151,p3109-omega-elementary-152,p3109-omega-elementary-153,p3109-omega-elementary-154,p3109-omega-elementary-155,p3109-omega-elementary-156,p3109-omega-elementary-157,p3109-omega-elementary-158	symbolic:arctan2-radians-row-11	see proofs/obligations.tsv	modeled	Composition/refinement argument in coverage.md; finite testing is not a universal proof.
ArcTan2:row:12	4.10.15	47	12	p3109-omega-elementary-143,p3109-omega-elementary-144,p3109-omega-elementary-145,p3109-omega-elementary-146,p3109-omega-elementary-147,p3109-omega-elementary-148,p3109-omega-elementary-149,p3109-omega-elementary-150,p3109-omega-elementary-151,p3109-omega-elementary-152,p3109-omega-elementary-153,p3109-omega-elementary-154,p3109-omega-elementary-155,p3109-omega-elementary-156,p3109-omega-elementary-157,p3109-omega-elementary-158	symbolic:arctan2-radians-row-12	see proofs/obligations.tsv	modeled	Composition/refinement argument in coverage.md; finite testing is not a universal proof.
ArcTan2:row:13	4.10.15	47	13	p3109-omega-elementary-143,p3109-omega-elementary-144,p3109-omega-elementary-145,p3109-omega-elementary-146,p3109-omega-elementary-147,p3109-omega-elementary-148,p3109-omega-elementary-149,p3109-omega-elementary-150,p3109-omega-elementary-151,p3109-omega-elementary-152,p3109-omega-elementary-153,p3109-omega-elementary-154,p3109-omega-elementary-155,p3109-omega-elementary-156,p3109-omega-elementary-157,p3109-omega-elementary-158	symbolic:arctan2-radians-row-13	see proofs/obligations.tsv	modeled	Composition/refinement argument in coverage.md; finite testing is not a universal proof.
ArcTan2:row:14	4.10.15	47	14	p3109-omega-elementary-143,p3109-omega-elementary-144,p3109-omega-elementary-145,p3109-omega-elementary-146,p3109-omega-elementary-147,p3109-omega-elementary-148,p3109-omega-elementary-149,p3109-omega-elementary-150,p3109-omega-elementary-151,p3109-omega-elementary-152,p3109-omega-elementary-153,p3109-omega-elementary-154,p3109-omega-elementary-155,p3109-omega-elementary-156,p3109-omega-elementary-157,p3109-omega-elementary-158	symbolic:arctan2-radians-row-14	see proofs/obligations.tsv	modeled	Composition/refinement argument in coverage.md; finite testing is not a universal proof.
ArcTan2:row:15	4.10.15	47	15	p3109-omega-elementary-143,p3109-omega-elementary-144,p3109-omega-elementary-145,p3109-omega-elementary-146,p3109-omega-elementary-147,p3109-omega-elementary-148,p3109-omega-elementary-149,p3109-omega-elementary-150,p3109-omega-elementary-151,p3109-omega-elementary-152,p3109-omega-elementary-153,p3109-omega-elementary-154,p3109-omega-elementary-155,p3109-omega-elementary-156,p3109-omega-elementary-157,p3109-omega-elementary-158	symbolic:arctan2-radians-row-15	see proofs/obligations.tsv	modeled	Composition/refinement argument in coverage.md; finite testing is not a universal proof.
ArcTan2:row:16	4.10.15	47	16	p3109-omega-elementary-143,p3109-omega-elementary-144,p3109-omega-elementary-145,p3109-omega-elementary-146,p3109-omega-elementary-147,p3109-omega-elementary-148,p3109-omega-elementary-149,p3109-omega-elementary-150,p3109-omega-elementary-151,p3109-omega-elementary-152,p3109-omega-elementary-153,p3109-omega-elementary-154,p3109-omega-elementary-155,p3109-omega-elementary-156,p3109-omega-elementary-157,p3109-omega-elementary-158	symbolic:arctan2-radians-row-16	see proofs/obligations.tsv	modeled	Composition/refinement argument in coverage.md; finite testing is not a universal proof.
ArcTan2:row:17	4.10.15	47	17	p3109-omega-elementary-143,p3109-omega-elementary-144,p3109-omega-elementary-145,p3109-omega-elementary-146,p3109-omega-elementary-147,p3109-omega-elementary-148,p3109-omega-elementary-149,p3109-omega-elementary-150,p3109-omega-elementary-151,p3109-omega-elementary-152,p3109-omega-elementary-153,p3109-omega-elementary-154,p3109-omega-elementary-155,p3109-omega-elementary-156,p3109-omega-elementary-157,p3109-omega-elementary-158	symbolic:arctan2-radians-row-17	see proofs/obligations.tsv	modeled	Composition/refinement argument in coverage.md; finite testing is not a universal proof.
ArcTan2Pi:row:01	4.10.16	48	1	p3109-omega-elementary-159	symbolic:arctan2-row-1	see proofs/obligations.tsv	modeled	Composition/refinement argument in coverage.md; finite testing is not a universal proof.
ArcTan2Pi:row:02	4.10.16	48	2	p3109-omega-elementary-159	symbolic:arctan2-row-2	see proofs/obligations.tsv	modeled	Composition/refinement argument in coverage.md; finite testing is not a universal proof.
ArcTan2Pi:row:03	4.10.16	48	3	p3109-omega-elementary-159	symbolic:arctan2-row-3	see proofs/obligations.tsv	modeled	Composition/refinement argument in coverage.md; finite testing is not a universal proof.
ArcTan2Pi:row:04	4.10.16	48	4	p3109-omega-elementary-159	symbolic:arctan2-row-4	see proofs/obligations.tsv	modeled	Composition/refinement argument in coverage.md; finite testing is not a universal proof.
ArcTan2Pi:row:05	4.10.16	48	5	p3109-omega-elementary-159	symbolic:arctan2-row-5	see proofs/obligations.tsv	modeled	Composition/refinement argument in coverage.md; finite testing is not a universal proof.
ArcTan2Pi:row:06	4.10.16	48	6	p3109-omega-elementary-159	symbolic:arctan2-row-6	see proofs/obligations.tsv	modeled	Composition/refinement argument in coverage.md; finite testing is not a universal proof.
ArcTan2Pi:row:07	4.10.16	48	7	p3109-omega-elementary-159	symbolic:arctan2-row-7	see proofs/obligations.tsv	modeled	Composition/refinement argument in coverage.md; finite testing is not a universal proof.
ArcTan2Pi:row:08	4.10.16	48	8	p3109-omega-elementary-159	symbolic:arctan2-row-8	see proofs/obligations.tsv	modeled	Composition/refinement argument in coverage.md; finite testing is not a universal proof.
ArcTan2Pi:row:09	4.10.16	48	9	p3109-omega-elementary-159	symbolic:arctan2-row-9	see proofs/obligations.tsv	modeled	Composition/refinement argument in coverage.md; finite testing is not a universal proof.
ArcTan2Pi:row:10	4.10.16	48	10	p3109-omega-elementary-159	symbolic:arctan2-row-10	see proofs/obligations.tsv	modeled	Composition/refinement argument in coverage.md; finite testing is not a universal proof.
ArcTan2Pi:row:11	4.10.16	48	11	p3109-omega-elementary-159	symbolic:arctan2-row-11	see proofs/obligations.tsv	modeled	Composition/refinement argument in coverage.md; finite testing is not a universal proof.
ArcTan2Pi:row:12	4.10.16	48	12	p3109-omega-elementary-159	symbolic:arctan2-row-12	see proofs/obligations.tsv	modeled	Composition/refinement argument in coverage.md; finite testing is not a universal proof.
ArcTan2Pi:row:13	4.10.16	48	13	p3109-omega-elementary-159	symbolic:arctan2-row-13	see proofs/obligations.tsv	modeled	Composition/refinement argument in coverage.md; finite testing is not a universal proof.
ArcTan2Pi:row:14	4.10.16	48	14	p3109-omega-elementary-159	symbolic:arctan2-row-14	see proofs/obligations.tsv	modeled	Composition/refinement argument in coverage.md; finite testing is not a universal proof.
ArcTan2Pi:row:15	4.10.16	48	15	p3109-omega-elementary-159	symbolic:arctan2-row-15	see proofs/obligations.tsv	modeled	Composition/refinement argument in coverage.md; finite testing is not a universal proof.
ArcTan2Pi:row:16	4.10.16	48	16	p3109-omega-elementary-159	symbolic:arctan2-row-16	see proofs/obligations.tsv	modeled	Composition/refinement argument in coverage.md; finite testing is not a universal proof.
ArcTan2Pi:row:17	4.10.16	48	17	p3109-omega-elementary-159	symbolic:arctan2-row-17	see proofs/obligations.tsv	modeled	Composition/refinement argument in coverage.md; finite testing is not a universal proof.
saturation:row:01	4.7.5	29	1	p3109-saturation-008	projection	see proofs/obligations.tsv	modeled	Finite/infinite and clipping guards partition the source priority cases.
saturation:row:02	4.7.5	29	2	p3109-saturation-009	projection	see proofs/obligations.tsv	modeled	Finite/infinite and clipping guards partition the source priority cases.
saturation:row:03	4.7.5	29	3	p3109-saturation-011	projection	see proofs/obligations.tsv	modeled	Finite/infinite and clipping guards partition the source priority cases.
saturation:row:04	4.7.5	29	4	p3109-saturation-010	projection	see proofs/obligations.tsv	modeled	Finite/infinite and clipping guards partition the source priority cases.
saturation:row:05	4.7.5	29	5	p3109-saturation-010	projection	see proofs/obligations.tsv	modeled	Finite/infinite and clipping guards partition the source priority cases.
saturation:row:06	4.7.5	29	6	p3109-saturation-011	projection	see proofs/obligations.tsv	modeled	Finite/infinite and clipping guards partition the source priority cases.
saturation:row:07	4.7.5	29	7	p3109-saturation-012	projection	see proofs/obligations.tsv	modeled	Finite/infinite and clipping guards partition the source priority cases.
saturation:row:08	4.7.5	29	8	p3109-saturation-012	projection	see proofs/obligations.tsv	modeled	Finite/infinite and clipping guards partition the source priority cases.
saturation:row:09	4.7.5	29	9	p3109-saturation-013	projection	see proofs/obligations.tsv	modeled	Finite/infinite and clipping guards partition the source priority cases.
saturation:row:10	4.7.5	29	10	p3109-saturation-013	projection	see proofs/obligations.tsv	modeled	Finite/infinite and clipping guards partition the source priority cases.
saturation:row:11	4.7.5	29	11	p3109-saturation-014	projection	see proofs/obligations.tsv	modeled	Finite/infinite and clipping guards partition the source priority cases.
saturation:row:12	4.7.5	29	12	p3109-saturation-015	projection	see proofs/obligations.tsv	modeled	Finite/infinite and clipping guards partition the source priority cases.
saturation:row:13	4.7.5	29	13	p3109-saturation-016	projection	see proofs/obligations.tsv	modeled	Finite/infinite and clipping guards partition the source priority cases.
saturation:row:14	4.7.5	29	14	p3109-saturation-017	projection	see proofs/obligations.tsv	modeled	Finite/infinite and clipping guards partition the source priority cases.
saturation:row:15	4.7.5	29	15	p3109-saturation-018	projection	see proofs/obligations.tsv	modeled	Finite/infinite and clipping guards partition the source priority cases.
saturation:row:16	4.7.5	29	16	p3109-saturation-019	projection	see proofs/obligations.tsv	modeled	Finite/infinite and clipping guards partition the source priority cases.
saturation:row:17	4.7.5	29	17	p3109-saturation-019	projection	see proofs/obligations.tsv	modeled	Finite/infinite and clipping guards partition the source priority cases.
saturation:row:18	4.7.5	29	18	p3109-saturation-020	projection	see proofs/obligations.tsv	modeled	Finite/infinite and clipping guards partition the source priority cases.
saturation:row:19	4.7.5	29	19	p3109-saturation-020	projection	see proofs/obligations.tsv	modeled	Finite/infinite and clipping guards partition the source priority cases.
saturation:row:20	4.7.5	29	20	p3109-saturation-021	projection	see proofs/obligations.tsv	modeled	Finite/infinite and clipping guards partition the source priority cases.
saturation:row:21	4.7.5	29	21	p3109-saturation-018,p3109-saturation-019,p3109-saturation-020,p3109-saturation-021	projection	see proofs/obligations.tsv	modeled	Finite/infinite and clipping guards partition the source priority cases.
formats	3.1-3.2	16-17	formula / NOTE / requirement		domains;codec	see proofs/obligations.tsv	executable	K>2, signed P<K and unsigned P<=K.
codec-bijection	4.7.2;4.7.6	25;30	formula / NOTE / requirement		codec	see proofs/obligations.tsv	finite evidence	14 four-bit tables and required 8-bit formats; general algebraic proof pending.
projection	4.7.3-4.7.5	26-29	formula / NOTE / requirement		projection	see proofs/obligations.tsv	finite evidence	Nine modes and three saturation modes.
table3	B.1	75	formula / NOTE / requirement		codec	see proofs/obligations.tsv	finite evidence	Special-code patterns.
tables4-7	B.1	76-77	formula / NOTE / requirement		codec	see proofs/obligations.tsv	finite evidence	224 entries, subnormal flags, approximate display tolerances.
random-sequences	5.3	61	formula / NOTE / requirement		domains;blocks	see proofs/obligations.tsv	finite evidence	Explicit random operands; no random generator.
note-5.4.2-2	5.4.2 NOTE 2	63	formula / NOTE / requirement		blocks:infinite-scale-note-5.4.2	see proofs/obligations.tsv	passes	Nonzero, non-NaN elements normalize to signed unit values.
note-5.5.3-2	5.5.3 NOTE 2	66	formula / NOTE / requirement		blocks:source-note-5.5.3-counterexample	see proofs/obligations.tsv	counterexample	Scale 224; element +Inf under element SatNone.
annex-D1	D.1	79	formula / NOTE / requirement		conformance:D1-positive-subnormal-count;D1-worst-step	see proofs/obligations.tsv	analytical count	Seven positive subnormals; worst rank distance four. External log-cut-point interpretation pending.
annex-D2	D.2	79	formula / NOTE / requirement		conformance:D2-trivial-bound;D2-input-subset-size	see proofs/obligations.tsv	declaration fixture	No candidate executed; no claim of exhaustive 442050625-tuple verification.
real-contract	3.1;4.10	16;40-48	formula / NOTE / requirement		symbolic	see proofs/obligations.tsv	pending	No complete real decision procedure or backend view.
external-contract	4.8	31	formula / NOTE / requirement		load-contracts	see proofs/obligations.tsv	pending	No finite external encoder/decoder implemented.
declarations	4.4-4.6	21-24	formula / NOTE / requirement		conformance	see proofs/obligations.tsv	finite evidence	All seven nonempty FX subsets; evidence labels are claims supplied by adapters.
enclosure-negative	4.7.3	26	formula / NOTE / requirement		symbolic:enclosure-equal-endpoints-negative	see proofs/obligations.tsv	counterexample	Equal endpoint projections on [-100,100] do not certify the interior.
